{
  "detectors": {
    "xu": {
      "method": "Xu et al. (final-layer hist)",
      "acc": 94.40000000000002,
      "acc_std": 1.667832925285583,
      "f1": 94.62517869700933,
      "f1_std": 1.6233440314511476,
      "auc": 0.9848187099358974,
      "auc_std": 0.0071542802264180395,
      "pre": 94.27617973452327,
      "pre_std": 1.2835439171450576,
      "rec": 95.0,
      "rec_std": 2.4172702096108685
    },
    "single_layer": {
      "method": "Single-layer (last)",
      "acc": 97.25,
      "acc_std": 0.7756717518813421,
      "f1": 97.35141682052732,
      "f1_std": 0.7438258687748677,
      "auc": 0.9942269297542734,
      "auc_std": 0.004023516838120319,
      "pre": 97.557001144885,
      "pre_std": 0.9073256158093421,
      "rec": 97.1474358974359,
      "rec_std": 0.5996245812137672
    },
    "mlaf_bd": {
      "method": "MLAF-BD (full)",
      "acc": 99.15000000000002,
      "acc_std": 0.3535533905932738,
      "f1": 99.18853083459733,
      "f1_std": 0.3340450256951556,
      "auc": 0.9996481036324787,
      "auc_std": 0.0002412238473860835,
      "pre": 98.64244142298423,
      "pre_std": 0.703059198620529,
      "rec": 99.74358974358974,
      "rec_std": 0.04532735776836534
    },
    "no_drift": {
      "method": "w/o Attention Drift",
      "acc": 98.61666666666667,
      "acc_std": 0.5249338582674549,
      "f1": 98.68234144550821,
      "f1_std": 0.49726999744154565,
      "auc": 0.9989319577991452,
      "auc_std": 0.0006684511384564461,
      "pre": 97.89263991985776,
      "pre_std": 0.8225985763664698,
      "rec": 99.48717948717949,
      "rec_std": 0.16343011261515522
    },
    "strip": {
      "method": "STRIP",
      "acc": 67.86666666666667,
      "acc_std": 5.167419300020292,
      "f1": 72.6049293033787,
      "f1_std": 3.3269507044413156,
      "auc": 0.7513671875,
      "auc_std": 0.054561913522563364,
      "pre": 65.80306884664715,
      "pre_std": 5.549171718870915,
      "rec": 81.31410256410255,
      "rec_std": 1.634301126151532
    },
    "neural_cleanse": {
      "method": "Neural Cleanse (per-sample)",
      "acc": 95.31666666666666,
      "acc_std": 0.06236095644622881,
      "f1": 95.68300587765127,
      "f1_std": 0.0478126256858593,
      "auc": 0.9798123664529914,
      "auc_std": 0.0020436754913341023,
      "pre": 91.88672995703898,
      "pre_std": 0.25405227923386237,
      "rec": 99.8076923076923,
      "rec_std": 0.20771604802589194
    },
    "abl": {
      "method": "ABL (per-sample)",
      "acc": 93.78333333333335,
      "acc_std": 0.14337208778404112,
      "f1": 93.7114022868193,
      "f1_std": 0.12506104478954896,
      "auc": 0.9014813701923078,
      "auc_std": 0.005699348258392729,
      "pre": 98.86496469560625,
      "pre_std": 0.48590031830675395,
      "rec": 89.07051282051282,
      "rec_std": 0.18130943107347475
    }
  },
  "ablation": {
    "A_last": {
      "acc": 97.25,
      "acc_std": 0.7756717518813421,
      "f1": 97.35141682052732,
      "f1_std": 0.7438258687748677,
      "auc": 0.9942269297542734,
      "auc_std": 0.004023516838120319
    },
    "B_first_last": {
      "acc": 97.26666666666667,
      "acc_std": 0.9348202441586807,
      "f1": 97.3873622165301,
      "f1_std": 0.8881001238449164,
      "auc": 0.9948167067307692,
      "auc_std": 0.0031359830256473893
    },
    "C_concat_xgb": {
      "acc": 99.30000000000001,
      "acc_std": 0.35355339059328045,
      "f1": 99.32940578579326,
      "f1_std": 0.3370310359049657,
      "auc": 0.9995599626068375,
      "auc_std": 0.0003228645664273611
    },
    "D_wla_xgb": {
      "acc": 94.14999999999999,
      "acc_std": 2.685454648037583,
      "f1": 94.38674670218103,
      "f1_std": 2.540702913153698,
      "auc": 0.9840670072115385,
      "auc_std": 0.011568361809409851
    },
    "E_full": {
      "acc": 99.15000000000002,
      "acc_std": 0.3535533905932738,
      "f1": 99.18853083459733,
      "f1_std": 0.3340450256951556,
      "auc": 0.9996481036324787,
      "auc_std": 0.0002412238473860835
    },
    "F_no_drift": {
      "acc": 98.61666666666667,
      "acc_std": 0.5249338582674549,
      "f1": 98.68234144550821,
      "f1_std": 0.49726999744154565,
      "auc": 0.9989319577991452,
      "auc_std": 0.0006684511384564461
    },
    "G_no_entropy": {
      "acc": 99.14999999999999,
      "acc_std": 0.35590260840104343,
      "f1": 99.18912120843088,
      "f1_std": 0.3358861692917526,
      "auc": 0.9996871661324787,
      "auc_std": 0.0001905368810833504
    },
    "H_no_kl": {
      "acc": 99.21666666666668,
      "acc_std": 0.3704351795148842,
      "f1": 99.2523085871867,
      "f1_std": 0.3500198030588442,
      "auc": 0.9996541132478632,
      "auc_std": 0.00020727822979496466
    },
    "I_no_variance": {
      "acc": 99.06666666666668,
      "acc_std": 0.4027681991198201,
      "f1": 99.11054645563577,
      "f1_std": 0.37940090210224403,
      "auc": 0.9996681356837606,
      "auc_std": 0.00022683196262622869
    }
  },
  "asr_pre": 99.80757844878626,
  "asr_pre_std": 0.08394858657575341,
  "asr_post": 79.30481547266628,
  "asr_post_std": 10.586818402385985,
  "cda_pre": 97.23333333333335,
  "cda_pre_std": 0.04650766563656811,
  "cda_post": 95.93333333333334,
  "cda_post_std": 0.3894535583019805,
  "wla_weights": [
    0.06134644274910291,
    0.04550691321492195,
    0.04091173658768336,
    0.03943255295356115,
    0.09669878333806992,
    0.06320531293749809,
    0.11409492293993632,
    0.10431717087825139,
    0.10782595227162044,
    0.1183714047074318,
    0.09922841191291809,
    0.10906039923429489
  ],
  "nc": {
    "target_class": 0,
    "anomaly_index": 7.545427730368155,
    "flagged": true
  },
  "dataset": "cifar10",
  "attack": "blend",
  "backbone": "deit_small_patch16_224",
  "tag": "cifar10_blend_deit",
  "seeds": [
    42,
    43,
    44
  ],
  "config": {
    "dataset": "cifar10",
    "attack": "blend",
    "backbone": "deit_small_patch16_224",
    "tag": "cifar10_blend_deit",
    "img_size": 224,
    "num_layers": 12,
    "num_features": 7,
    "num_classes": 10,
    "data_root": "data",
    "tinyimagenet_root": "data/tiny-imagenet-200",
    "pretrained": true,
    "poison_rate": 0.1,
    "target_class": 0,
    "trigger_size": 22,
    "blend_alpha": 0.2,
    "ss_epsilon": 0.1,
    "epochs": 8,
    "lr": 0.0001,
    "weight_decay": 0.0001,
    "batch_size": 64,
    "num_workers": 8,
    "train_cap": 0,
    "save_checkpoints": true,
    "load_checkpoints": true,
    "checkpoint_dir": "checkpoints",
    "train_ratio": 0.56,
    "val_ratio": 0.14,
    "test_ratio": 0.3,
    "detector_samples": 2000,
    "hist_bins": 20,
    "wla_temperature": 0.5,
    "ensemble_xgb_weight": 0.6,
    "xgb_estimators": 300,
    "xgb_depth": 6,
    "xgb_lr": 0.05,
    "strip_overlays": 8,
    "nc_steps": 200,
    "nc_lambda": 0.001,
    "nc_max_classes": 0,
    "abl_isolation_rate": 0.1,
    "abl_gamma": 0.2,
    "mitigation_lambda": 0.01,
    "mitigation_layers": [
      4,
      5,
      6,
      7
    ],
    "mitigation_epochs": 2,
    "asr_gate": "warn",
    "asr_gate_threshold": 80.0,
    "seed": 42,
    "seeds": [
      42,
      43,
      44
    ],
    "output_dir": "results",
    "figures_dir": "paper/figures",
    "device": "auto"
  },
  "feature_correlation": {
    "entropy": 0.2938141562078139,
    "variance": 0.282231832220437,
    "concentration": 0.3002177242467144,
    "sparsity": 0.2877202794225954,
    "energy": 0.28223183186343515,
    "kl_div": 0.2938141690725174,
    "drift": 0.2387002073853635
  }
}