{
  "detectors": {
    "xu": {
      "method": "Xu et al. (final-layer hist)",
      "acc": 88.43333333333334,
      "acc_std": 4.121151403296034,
      "f1": 88.74652503788177,
      "f1_std": 4.18389339980042,
      "auc": 0.9552677617521367,
      "auc_std": 0.023756167276870372,
      "pre": 89.3335337775091,
      "pre_std": 3.0616737565705883,
      "rec": 88.20512820512819,
      "rec_std": 5.32610919759883
    },
    "single_layer": {
      "method": "Single-layer (last)",
      "acc": 92.63333333333334,
      "acc_std": 3.89237145652308,
      "f1": 92.87816994391324,
      "f1_std": 3.788720836641999,
      "auc": 0.9744674813034188,
      "auc_std": 0.01970786089911033,
      "pre": 93.10331558985028,
      "pre_std": 3.3041086895711733,
      "rec": 92.66025641025641,
      "rec_std": 4.28169620821712
    },
    "mlaf_bd": {
      "method": "MLAF-BD (full)",
      "acc": 98.63333333333334,
      "acc_std": 0.47316898555261,
      "f1": 98.70272112564192,
      "f1_std": 0.44563168624171295,
      "auc": 0.9996951789529914,
      "auc_std": 0.0002155072825639984,
      "pre": 97.5946504198347,
      "pre_std": 0.8397861503334393,
      "rec": 99.83974358974359,
      "rec_std": 0.09065471553673737
    },
    "no_drift": {
      "method": "w/o Attention Drift",
      "acc": 97.96666666666665,
      "acc_std": 0.8993825042154706,
      "f1": 98.07996730832195,
      "f1_std": 0.839214906480707,
      "auc": 0.9989569978632478,
      "auc_std": 0.0007342114966058724,
      "pre": 96.62935028498134,
      "pre_std": 1.4402111126918167,
      "rec": 99.58333333333333,
      "rec_std": 0.2266367888418468
    },
    "strip": {
      "method": "STRIP",
      "acc": 52.0,
      "acc_std": 0.0,
      "f1": 68.42105263157895,
      "f1_std": 0.0,
      "auc": 0.6330922809829059,
      "auc_std": 0.021281328372005734,
      "pre": 52.0,
      "pre_std": 0.0,
      "rec": 100.0,
      "rec_std": 0.0
    },
    "neural_cleanse": {
      "method": "Neural Cleanse (per-sample)",
      "acc": 95.63333333333333,
      "acc_std": 0.023570226039556944,
      "f1": 95.9642631368376,
      "f1_std": 0.021836289485018506,
      "auc": 0.9685570245726497,
      "auc_std": 0.011503593066587629,
      "pre": 92.37843280927292,
      "pre_std": 0.0372660098344791,
      "rec": 99.83974358974359,
      "rec_std": 0.04532735776837204
    },
    "abl": {
      "method": "ABL (per-sample)",
      "acc": 93.91666666666667,
      "acc_std": 0.12472191289246395,
      "f1": 93.85433314462705,
      "f1_std": 0.11820245650140182,
      "auc": 0.9010627003205128,
      "auc_std": 0.004363795146795919,
      "pre": 98.86554168150265,
      "pre_std": 0.26218362705216325,
      "rec": 89.32692307692308,
      "rec_std": 0.0
    }
  },
  "ablation": {
    "A_last": {
      "acc": 92.63333333333334,
      "acc_std": 3.89237145652308,
      "f1": 92.87816994391324,
      "f1_std": 3.788720836641999,
      "auc": 0.9744674813034188,
      "auc_std": 0.01970786089911033
    },
    "B_first_last": {
      "acc": 92.81666666666666,
      "acc_std": 3.768362450130768,
      "f1": 93.04994919534867,
      "f1_std": 3.6962696255938634,
      "auc": 0.9767474626068376,
      "auc_std": 0.01835787370655606
    },
    "C_concat_xgb": {
      "acc": 98.8,
      "acc_std": 0.26770630673681933,
      "f1": 98.85376503192906,
      "f1_std": 0.2535865405759451,
      "auc": 0.9994120592948718,
      "auc_std": 0.0002864758433325089
    },
    "D_wla_xgb": {
      "acc": 94.06666666666666,
      "acc_std": 1.0265909062956318,
      "f1": 94.28035950543428,
      "f1_std": 0.9806913782574935,
      "auc": 0.9845773237179487,
      "auc_std": 0.005578324628727114
    },
    "E_full": {
      "acc": 98.63333333333334,
      "acc_std": 0.47316898555261,
      "f1": 98.70272112564192,
      "f1_std": 0.44563168624171295,
      "auc": 0.9996951789529914,
      "auc_std": 0.0002155072825639984
    },
    "F_no_drift": {
      "acc": 97.96666666666665,
      "acc_std": 0.8993825042154706,
      "f1": 98.07996730832195,
      "f1_std": 0.839214906480707,
      "auc": 0.9989569978632478,
      "auc_std": 0.0007342114966058724
    },
    "G_no_entropy": {
      "acc": 98.58333333333333,
      "acc_std": 0.5778311941119911,
      "f1": 98.65675573322729,
      "f1_std": 0.5441093395284535,
      "auc": 0.9996861645299147,
      "auc_std": 0.00023860622060590042
    },
    "H_no_kl": {
      "acc": 98.66666666666667,
      "acc_std": 0.5948856099191551,
      "f1": 98.73530474617557,
      "f1_std": 0.560954288906666,
      "auc": 0.9996784855769231,
      "auc_std": 0.00023798549054282356
    },
    "I_no_variance": {
      "acc": 98.58333333333333,
      "acc_std": 0.5948856099191597,
      "f1": 98.65720140941164,
      "f1_std": 0.5595914994636549,
      "auc": 0.9996878338675214,
      "auc_std": 0.00023800422498492746
    }
  },
  "asr_pre": 99.9087231103217,
  "asr_pre_std": 0.027248275649269182,
  "asr_post": 98.68758634300376,
  "asr_post_std": 0.7131812217512444,
  "cda_pre": 97.16888888888889,
  "cda_pre_std": 0.08079848427865446,
  "cda_post": 95.87111111111112,
  "cda_post_std": 0.2140497230799832,
  "wla_weights": [
    0.04105351120233536,
    0.04568498581647873,
    0.07540980974833171,
    0.07208513220151265,
    0.06494143977761269,
    0.06735577931006749,
    0.08310202757517497,
    0.08492909123500188,
    0.11895933747291565,
    0.13914340486129126,
    0.09226112564404805,
    0.11507434646288554
  ],
  "nc": {
    "target_class": 0,
    "anomaly_index": 9.507131054373016,
    "flagged": true
  },
  "dataset": "cifar10",
  "attack": "samplespecific",
  "backbone": "deit_small_patch16_224",
  "tag": "cifar10_samplespecific_deit",
  "seeds": [
    42,
    43,
    44
  ],
  "config": {
    "dataset": "cifar10",
    "attack": "samplespecific",
    "backbone": "deit_small_patch16_224",
    "tag": "cifar10_samplespecific_deit",
    "img_size": 224,
    "num_layers": 12,
    "num_features": 7,
    "num_classes": 10,
    "data_root": "data",
    "tinyimagenet_root": "data/tiny-imagenet-200",
    "pretrained": true,
    "poison_rate": 0.1,
    "target_class": 0,
    "trigger_size": 22,
    "blend_alpha": 0.2,
    "ss_epsilon": 0.1,
    "epochs": 8,
    "lr": 0.0001,
    "weight_decay": 0.0001,
    "batch_size": 64,
    "num_workers": 8,
    "train_cap": 0,
    "save_checkpoints": true,
    "load_checkpoints": true,
    "checkpoint_dir": "checkpoints",
    "train_ratio": 0.56,
    "val_ratio": 0.14,
    "test_ratio": 0.3,
    "detector_samples": 2000,
    "hist_bins": 20,
    "wla_temperature": 0.5,
    "ensemble_xgb_weight": 0.6,
    "xgb_estimators": 300,
    "xgb_depth": 6,
    "xgb_lr": 0.05,
    "strip_overlays": 8,
    "nc_steps": 200,
    "nc_lambda": 0.001,
    "nc_max_classes": 0,
    "abl_isolation_rate": 0.1,
    "abl_gamma": 0.2,
    "mitigation_lambda": 0.01,
    "mitigation_layers": [
      4,
      5,
      6,
      7
    ],
    "mitigation_epochs": 2,
    "asr_gate": "warn",
    "asr_gate_threshold": 80.0,
    "seed": 42,
    "seeds": [
      42,
      43,
      44
    ],
    "output_dir": "results",
    "figures_dir": "paper/figures",
    "device": "auto"
  },
  "feature_correlation": {
    "entropy": 0.37833975687523974,
    "variance": 0.36913749663707857,
    "concentration": 0.30557010933517875,
    "sparsity": 0.4019397863684952,
    "energy": 0.3691374985782983,
    "kl_div": 0.37833976451913637,
    "drift": 0.28218067571217936
  }
}