{
  "detectors": {
    "xu": {
      "method": "Xu et al. (final-layer hist)",
      "acc": 97.95,
      "acc_std": 0.804155872120984,
      "f1": 98.03220358865194,
      "f1_std": 0.7603300769626621,
      "auc": 0.9918709935897437,
      "auc_std": 0.0013724857275453238,
      "pre": 98.08993875751486,
      "pre_std": 1.3117645077946156,
      "rec": 97.98076923076923,
      "rec_std": 0.20771604802588975
    },
    "single_layer": {
      "method": "Single-layer (last)",
      "acc": 98.53333333333335,
      "acc_std": 0.20949675149960834,
      "f1": 98.58317673322635,
      "f1_std": 0.2040008577103857,
      "auc": 0.9917212540064103,
      "auc_std": 8.068653137857082e-05,
      "pre": 99.02971457034919,
      "pre_std": 0.13745083235805777,
      "rec": 98.14102564102564,
      "rec_std": 0.31729150437857745
    },
    "mlaf_bd": {
      "method": "MLAF-BD (full)",
      "acc": 98.03333333333335,
      "acc_std": 0.4288226776756248,
      "f1": 98.1209933163534,
      "f1_std": 0.4047615151526848,
      "auc": 0.9971200587606838,
      "auc_std": 0.0006463487238009018,
      "pre": 97.56437042482075,
      "pre_std": 0.6912318968110921,
      "rec": 98.68589743589745,
      "rec_std": 0.16343011261515336
    },
    "no_drift": {
      "method": "w/o Attention Drift",
      "acc": 98.41666666666667,
      "acc_std": 0.16499158227685792,
      "f1": 98.48332609506149,
      "f1_std": 0.1564122355197847,
      "auc": 0.9972576121794873,
      "auc_std": 0.0007164397165362937,
      "pre": 98.12345968889146,
      "pre_std": 0.2694287692861359,
      "rec": 98.84615384615385,
      "rec_std": 0.07850928662766642
    },
    "strip": {
      "method": "STRIP",
      "acc": 97.36666666666667,
      "acc_std": 0.6342099196813475,
      "f1": 97.41714379265596,
      "f1_std": 0.6427124146986639,
      "auc": 0.9873270566239317,
      "auc_std": 0.0012333141255342584,
      "pre": 99.2401405006447,
      "pre_std": 0.4357025114399581,
      "rec": 95.67307692307692,
      "rec_std": 1.3620852154407528
    },
    "neural_cleanse": {
      "method": "Neural Cleanse (per-sample)",
      "acc": 82.38333333333333,
      "acc_std": 17.984499498796797,
      "f1": 87.1828633043397,
      "f1_std": 11.638516030530154,
      "auc": 0.9482355101495726,
      "auc_std": 0.04986661648031623,
      "pre": 80.2194489068387,
      "pre_std": 18.040481040173383,
      "rec": 98.65384615384615,
      "rec_std": 0.9518745131357391
    },
    "abl": {
      "method": "ABL (per-sample)",
      "acc": 93.2,
      "acc_std": 0.04082482904638398,
      "f1": 93.05640199060714,
      "f1_std": 0.0539791695227789,
      "auc": 0.8957834201388889,
      "auc_std": 0.001047705513670685,
      "pre": 99.20253166044914,
      "pre_std": 0.18202334275568904,
      "rec": 87.62820512820512,
      "rec_std": 0.2266367888418401
    }
  },
  "ablation": {
    "A_last": {
      "acc": 98.53333333333335,
      "acc_std": 0.20949675149960834,
      "f1": 98.58317673322635,
      "f1_std": 0.2040008577103857,
      "auc": 0.9917212540064103,
      "auc_std": 8.068653137857082e-05
    },
    "B_first_last": {
      "acc": 98.28333333333335,
      "acc_std": 0.36817870057290536,
      "f1": 98.35031563107752,
      "f1_std": 0.3508251081369777,
      "auc": 0.9941379540598291,
      "auc_std": 0.0007646233945202529
    },
    "C_concat_xgb": {
      "acc": 98.26666666666667,
      "acc_std": 0.4870546398734182,
      "f1": 98.33749584595701,
      "f1_std": 0.46159363591308644,
      "auc": 0.9970269097222223,
      "auc_std": 0.0007160584309772743
    },
    "D_wla_xgb": {
      "acc": 98.55,
      "acc_std": 0.3082207001484482,
      "f1": 98.5992728228279,
      "f1_std": 0.29792819961955447,
      "auc": 0.9938541666666666,
      "auc_std": 0.0018543931460220325
    },
    "E_full": {
      "acc": 98.03333333333335,
      "acc_std": 0.4288226776756248,
      "f1": 98.1209933163534,
      "f1_std": 0.4047615151526848,
      "auc": 0.9971200587606838,
      "auc_std": 0.0006463487238009018
    },
    "F_no_drift": {
      "acc": 98.41666666666667,
      "acc_std": 0.16499158227685792,
      "f1": 98.48332609506149,
      "f1_std": 0.1564122355197847,
      "auc": 0.9972576121794873,
      "auc_std": 0.0007164397165362937
    },
    "G_no_entropy": {
      "acc": 97.98333333333333,
      "acc_std": 0.4169998667732337,
      "f1": 98.07442167211404,
      "f1_std": 0.3935820911519457,
      "auc": 0.9971107104700856,
      "auc_std": 0.0006928900603577585
    },
    "H_no_kl": {
      "acc": 97.96666666666668,
      "acc_std": 0.47316898555260917,
      "f1": 98.05888993805024,
      "f1_std": 0.4453236498706424,
      "auc": 0.9971167200854701,
      "auc_std": 0.0006554503981682347
    },
    "I_no_variance": {
      "acc": 98.11666666666667,
      "acc_std": 0.3880148908940893,
      "f1": 98.2010002281432,
      "f1_std": 0.3652305227083567,
      "auc": 0.997188501602564,
      "auc_std": 0.0006651470614578215
    }
  },
  "asr_pre": 98.24847049536214,
  "asr_pre_std": 0.2775941204203863,
  "asr_post": 97.60953226761399,
  "asr_post_std": 0.07924994278769161,
  "cda_pre": 96.75555555555555,
  "cda_pre_std": 0.06762277357645982,
  "cda_post": 95.37777777777778,
  "cda_post_std": 0.45494267716512804,
  "wla_weights": [
    0.028425952419638634,
    0.04288512716690699,
    0.03661281863848368,
    0.10250913848479588,
    0.06504570692777634,
    0.11785807957251866,
    0.07108337183793385,
    0.06670356107254823,
    0.06457606578866641,
    0.09867811451355617,
    0.14502888917922974,
    0.16059318681557974
  ],
  "nc": {
    "target_class": 0,
    "anomaly_index": 1.5917746178931156,
    "flagged": false
  },
  "dataset": "cifar10",
  "attack": "badnets",
  "backbone": "vit_tiny_patch16_224",
  "tag": "cifar10_badnets_vit",
  "seeds": [
    42,
    43,
    44
  ],
  "config": {
    "dataset": "cifar10",
    "attack": "badnets",
    "backbone": "vit_tiny_patch16_224",
    "tag": "cifar10_badnets_vit",
    "img_size": 224,
    "num_layers": 12,
    "num_features": 7,
    "num_classes": 10,
    "data_root": "data",
    "tinyimagenet_root": "data/tiny-imagenet-200",
    "pretrained": true,
    "poison_rate": 0.1,
    "target_class": 0,
    "trigger_size": 22,
    "blend_alpha": 0.2,
    "ss_epsilon": 0.1,
    "epochs": 8,
    "lr": 0.0001,
    "weight_decay": 0.0001,
    "batch_size": 64,
    "num_workers": 8,
    "train_cap": 0,
    "save_checkpoints": false,
    "load_checkpoints": false,
    "checkpoint_dir": "checkpoints",
    "train_ratio": 0.56,
    "val_ratio": 0.14,
    "test_ratio": 0.3,
    "detector_samples": 2000,
    "hist_bins": 20,
    "wla_temperature": 0.5,
    "ensemble_xgb_weight": 0.6,
    "xgb_estimators": 300,
    "xgb_depth": 6,
    "xgb_lr": 0.05,
    "strip_overlays": 8,
    "nc_steps": 200,
    "nc_lambda": 0.001,
    "nc_max_classes": 0,
    "abl_isolation_rate": 0.1,
    "abl_gamma": 0.2,
    "mitigation_lambda": 0.01,
    "mitigation_layers": [
      4,
      5,
      6,
      7
    ],
    "mitigation_epochs": 2,
    "asr_gate": "warn",
    "asr_gate_threshold": 80.0,
    "seed": 42,
    "seeds": [
      42,
      43,
      44
    ],
    "output_dir": "results",
    "figures_dir": "paper/figures",
    "device": "auto"
  },
  "feature_correlation": {
    "entropy": 0.46337052187020505,
    "variance": 0.48706464373226205,
    "concentration": 0.5756967543475044,
    "sparsity": 0.3665984776569003,
    "energy": 0.48706464254709153,
    "kl_div": 0.46337051337836715,
    "drift": 0.42093758512966595
  }
}