{
  "detectors": {
    "xu": {
      "method": "Xu et al. (final-layer hist)",
      "acc": 91.06666666666666,
      "acc_std": 4.512267230069109,
      "f1": 91.17444080000483,
      "f1_std": 4.643907532385447,
      "auc": 0.959908687232906,
      "auc_std": 0.021947609705984403,
      "pre": 92.77137976596585,
      "pre_std": 3.0559097723149264,
      "rec": 89.71153846153847,
      "rec_std": 6.241858602737489
    },
    "single_layer": {
      "method": "Single-layer (last)",
      "acc": 91.63333333333333,
      "acc_std": 4.126405484464918,
      "f1": 91.87180414392692,
      "f1_std": 3.9976234962563244,
      "auc": 0.959033453525641,
      "auc_std": 0.018697884259956065,
      "pre": 92.90113371887604,
      "pre_std": 4.165321419982631,
      "rec": 90.8653846153846,
      "rec_std": 3.8365264121653873
    },
    "mlaf_bd": {
      "method": "MLAF-BD (full)",
      "acc": 96.26666666666667,
      "acc_std": 0.6141841924229424,
      "f1": 96.48103194163896,
      "f1_std": 0.5609151455398239,
      "auc": 0.9960924145299145,
      "auc_std": 0.0005517344389426224,
      "pre": 94.70253002411623,
      "pre_std": 1.04771771975755,
      "rec": 98.33333333333333,
      "rec_std": 0.04532735776837204
    },
    "no_drift": {
      "method": "w/o Attention Drift",
      "acc": 96.58333333333333,
      "acc_std": 0.6883958809354442,
      "f1": 96.75704793641034,
      "f1_std": 0.6440964870166411,
      "auc": 0.9950570913461538,
      "auc_std": 0.0010707588945773937,
      "pre": 95.59644143194203,
      "pre_std": 0.9699169553546414,
      "rec": 97.94871794871794,
      "rec_std": 0.31729150437858034
    },
    "strip": {
      "method": "STRIP",
      "acc": 72.96666666666665,
      "acc_std": 9.390450231780985,
      "f1": 77.03656243979299,
      "f1_std": 5.168384343288114,
      "auc": 0.8028248530982905,
      "auc_std": 0.09457247803612708,
      "pre": 72.12391133214443,
      "pre_std": 10.680799712854844,
      "rec": 84.35897435897436,
      "rec_std": 3.650752176331813
    },
    "neural_cleanse": {
      "method": "Neural Cleanse (per-sample)",
      "acc": 80.4,
      "acc_std": 18.268871521434118,
      "f1": 85.34505738287119,
      "f1_std": 11.662103264591838,
      "auc": 0.7822157118055556,
      "auc_std": 0.26991427861545153,
      "pre": 80.03742417924553,
      "pre_std": 18.747940931858675,
      "rec": 94.87179487179488,
      "rec_std": 3.1051721396879164
    },
    "abl": {
      "method": "ABL (per-sample)",
      "acc": 84.13333333333333,
      "acc_std": 2.242518425540558,
      "f1": 84.30240909959225,
      "f1_std": 2.053033719316697,
      "auc": 0.8674913194444445,
      "auc_std": 0.015564132882767033,
      "pre": 87.04435342218123,
      "pre_std": 3.4805399102553984,
      "rec": 81.7948717948718,
      "rec_std": 1.7490722627746562
    }
  },
  "ablation": {
    "A_last": {
      "acc": 91.63333333333333,
      "acc_std": 4.126405484464918,
      "f1": 91.87180414392692,
      "f1_std": 3.9976234962563244,
      "auc": 0.959033453525641,
      "auc_std": 0.018697884259956065
    },
    "B_first_last": {
      "acc": 91.83333333333333,
      "acc_std": 4.066188496477863,
      "f1": 92.04875208549039,
      "f1_std": 3.939242816343541,
      "auc": 0.9599929887820512,
      "auc_std": 0.01939430800870181
    },
    "C_concat_xgb": {
      "acc": 96.63333333333333,
      "acc_std": 0.648502548611454,
      "f1": 96.80697209730896,
      "f1_std": 0.6010024625966545,
      "auc": 0.9959605368589743,
      "auc_std": 0.0005452938756091986
    },
    "D_wla_xgb": {
      "acc": 95.06666666666668,
      "acc_std": 2.1472204254699943,
      "f1": 95.24964337465826,
      "f1_std": 2.0619071663426727,
      "auc": 0.979159655448718,
      "auc_std": 0.005889734678366524
    },
    "E_full": {
      "acc": 96.26666666666667,
      "acc_std": 0.6141841924229424,
      "f1": 96.48103194163896,
      "f1_std": 0.5609151455398239,
      "auc": 0.9960924145299145,
      "auc_std": 0.0005517344389426224
    },
    "F_no_drift": {
      "acc": 96.58333333333333,
      "acc_std": 0.6883958809354442,
      "f1": 96.75704793641034,
      "f1_std": 0.6440964870166411,
      "auc": 0.9950570913461538,
      "auc_std": 0.0010707588945773937
    },
    "G_no_entropy": {
      "acc": 96.23333333333335,
      "acc_std": 0.5542763049438661,
      "f1": 96.45155841448172,
      "f1_std": 0.5033418559298537,
      "auc": 0.9960960870726496,
      "auc_std": 0.0005454253001190522
    },
    "H_no_kl": {
      "acc": 96.25,
      "acc_std": 0.7153087911291646,
      "f1": 96.46524419087773,
      "f1_std": 0.6490670116774623,
      "auc": 0.9961732104700854,
      "auc_std": 0.00043785220261012336
    },
    "I_no_variance": {
      "acc": 96.25,
      "acc_std": 0.5930148958219076,
      "f1": 96.46937527751489,
      "f1_std": 0.5381884216501169,
      "auc": 0.9961858974358974,
      "auc_std": 0.0005904637549894527
    }
  },
  "asr_pre": 80.1213735938425,
  "asr_pre_std": 9.867147084030362,
  "asr_post": 71.89905269390172,
  "asr_post_std": 12.90731859080143,
  "cda_pre": 91.67333333333333,
  "cda_pre_std": 0.6993965653015165,
  "cda_post": 89.99555555555555,
  "cda_post_std": 1.5970373806087732,
  "wla_weights": [
    0.042241512487332024,
    0.06304499134421349,
    0.052191924303770065,
    0.11743465065956116,
    0.08485568438967069,
    0.13963228712479273,
    0.05860719705621401,
    0.04724052672584852,
    0.05153595035274824,
    0.05287403737505277,
    0.14346551150083542,
    0.14687573164701462
  ],
  "nc": {
    "target_class": 0,
    "anomaly_index": 1.0591541151859558,
    "flagged": false
  },
  "dataset": "cifar10",
  "attack": "cleanlabel",
  "backbone": "vit_tiny_patch16_224",
  "tag": "cifar10_cleanlabel_vit",
  "seeds": [
    42,
    43,
    44
  ],
  "config": {
    "dataset": "cifar10",
    "attack": "cleanlabel",
    "backbone": "vit_tiny_patch16_224",
    "tag": "cifar10_cleanlabel_vit",
    "img_size": 224,
    "num_layers": 12,
    "num_features": 7,
    "num_classes": 10,
    "data_root": "data",
    "tinyimagenet_root": "data/tiny-imagenet-200",
    "pretrained": true,
    "poison_rate": 0.1,
    "target_class": 0,
    "trigger_size": 22,
    "blend_alpha": 0.2,
    "ss_epsilon": 0.1,
    "epochs": 8,
    "lr": 0.0001,
    "weight_decay": 0.0001,
    "batch_size": 64,
    "num_workers": 8,
    "train_cap": 0,
    "save_checkpoints": true,
    "load_checkpoints": true,
    "checkpoint_dir": "checkpoints",
    "train_ratio": 0.56,
    "val_ratio": 0.14,
    "test_ratio": 0.3,
    "detector_samples": 2000,
    "hist_bins": 20,
    "wla_temperature": 0.5,
    "ensemble_xgb_weight": 0.6,
    "xgb_estimators": 300,
    "xgb_depth": 6,
    "xgb_lr": 0.05,
    "strip_overlays": 8,
    "nc_steps": 200,
    "nc_lambda": 0.001,
    "nc_max_classes": 0,
    "abl_isolation_rate": 0.1,
    "abl_gamma": 0.2,
    "mitigation_lambda": 0.01,
    "mitigation_layers": [
      4,
      5,
      6,
      7
    ],
    "mitigation_epochs": 2,
    "asr_gate": "warn",
    "asr_gate_threshold": 80.0,
    "seed": 42,
    "seeds": [
      42,
      43,
      44
    ],
    "output_dir": "results",
    "figures_dir": "paper/figures",
    "device": "auto"
  },
  "feature_correlation": {
    "entropy": 0.3632057673227524,
    "variance": 0.4022684334509065,
    "concentration": 0.4972130901756397,
    "sparsity": 0.24967341319231354,
    "energy": 0.4022684340337115,
    "kl_div": 0.3632057684444195,
    "drift": 0.4591292122562436
  }
}