{
  "detectors": {
    "xu": {
      "method": "Xu et al. (final-layer hist)",
      "acc": 96.45,
      "acc_std": 2.6099169846312424,
      "f1": 96.58302191706049,
      "f1_std": 2.5021254933483283,
      "auc": 0.9883937633547007,
      "auc_std": 0.009020134940042552,
      "pre": 96.95429602860547,
      "pre_std": 2.8702230018867634,
      "rec": 96.21794871794872,
      "rec_std": 2.156267716865919
    },
    "single_layer": {
      "method": "Single-layer (last)",
      "acc": 97.75,
      "acc_std": 0.8573214099741141,
      "f1": 97.8312067076068,
      "f1_std": 0.8200515555989005,
      "auc": 0.9930846020299144,
      "auc_std": 0.003105084405269437,
      "pre": 98.16691471226302,
      "pre_std": 1.0838189648287162,
      "rec": 97.5,
      "rec_std": 0.6280742930213254
    },
    "mlaf_bd": {
      "method": "MLAF-BD (full)",
      "acc": 98.61666666666667,
      "acc_std": 0.22484562605386652,
      "f1": 98.67751777147397,
      "f1_std": 0.21390702030334635,
      "auc": 0.9982191506410256,
      "auc_std": 0.00032227019716263815,
      "pre": 98.13147010171026,
      "pre_std": 0.3762796755356014,
      "rec": 99.23076923076923,
      "rec_std": 0.2355278598829992
    },
    "no_drift": {
      "method": "w/o Attention Drift",
      "acc": 98.66666666666667,
      "acc_std": 0.11785113019775792,
      "f1": 98.72483639335708,
      "f1_std": 0.11335600568347037,
      "auc": 0.9982545405982904,
      "auc_std": 0.0007814598517833122,
      "pre": 98.19413328582853,
      "pre_std": 0.27127374616278893,
      "rec": 99.26282051282051,
      "rec_std": 0.31729150437857745
    },
    "strip": {
      "method": "STRIP",
      "acc": 97.63333333333333,
      "acc_std": 0.5137011669140814,
      "f1": 97.6866751394305,
      "f1_std": 0.5052312666254476,
      "auc": 0.9836595219017094,
      "auc_std": 0.0050006863030176586,
      "pre": 99.30422432277032,
      "pre_std": 0.421857505525862,
      "rec": 96.12179487179488,
      "rec_std": 0.6345830087571616
    },
    "neural_cleanse": {
      "method": "Neural Cleanse (per-sample)",
      "acc": 94.68333333333334,
      "acc_std": 0.2624669291337254,
      "f1": 95.06528695243519,
      "f1_std": 0.2202499978867349,
      "auc": 0.9916873664529914,
      "auc_std": 0.004687209111274297,
      "pre": 91.89977796443104,
      "pre_std": 0.6448188068524254,
      "rec": 98.46153846153845,
      "rec_std": 0.2830692585361538
    },
    "abl": {
      "method": "ABL (per-sample)",
      "acc": 93.35000000000001,
      "acc_std": 0.1471960144387955,
      "f1": 93.18064775225885,
      "f1_std": 0.1509873191935901,
      "auc": 0.8950185296474359,
      "auc_std": 0.00039742381474821415,
      "pre": 99.81709098028642,
      "pre_std": 0.18658799160152398,
      "rec": 87.37179487179488,
      "rec_std": 0.1634301126151487
    }
  },
  "ablation": {
    "A_last": {
      "acc": 97.75,
      "acc_std": 0.8573214099741141,
      "f1": 97.8312067076068,
      "f1_std": 0.8200515555989005,
      "auc": 0.9930846020299144,
      "auc_std": 0.003105084405269437
    },
    "B_first_last": {
      "acc": 97.89999999999999,
      "acc_std": 0.7257180352359105,
      "f1": 97.97927479542652,
      "f1_std": 0.6928177285196226,
      "auc": 0.9944174011752137,
      "auc_std": 0.0024157200860468815
    },
    "C_concat_xgb": {
      "acc": 98.71666666666668,
      "acc_std": 0.18856180831641536,
      "f1": 98.76615222025556,
      "f1_std": 0.17887169133765082,
      "auc": 0.9981002938034189,
      "auc_std": 0.0003824463751326462
    },
    "D_wla_xgb": {
      "acc": 98.55,
      "acc_std": 0.10801234497346478,
      "f1": 98.59907863744354,
      "f1_std": 0.10077470437801006,
      "auc": 0.9934955929487179,
      "auc_std": 0.0019369125636917882
    },
    "E_full": {
      "acc": 98.61666666666667,
      "acc_std": 0.22484562605386652,
      "f1": 98.67751777147397,
      "f1_std": 0.21390702030334635,
      "auc": 0.9982191506410256,
      "auc_std": 0.00032227019716263815
    },
    "F_no_drift": {
      "acc": 98.66666666666667,
      "acc_std": 0.11785113019775792,
      "f1": 98.72483639335708,
      "f1_std": 0.11335600568347037,
      "auc": 0.9982545405982904,
      "auc_std": 0.0007814598517833122
    },
    "G_no_entropy": {
      "acc": 98.73333333333333,
      "acc_std": 0.06236095644622881,
      "f1": 98.78708382463704,
      "f1_std": 0.060168338125598866,
      "auc": 0.9982138087606837,
      "auc_std": 0.0003825241868283788
    },
    "H_no_kl": {
      "acc": 98.78333333333335,
      "acc_std": 0.1312334645668693,
      "f1": 98.8351508948593,
      "f1_std": 0.12585806780434514,
      "auc": 0.998225827991453,
      "auc_std": 0.00031113300434558206
    },
    "I_no_variance": {
      "acc": 98.73333333333335,
      "acc_std": 0.1649915822768651,
      "f1": 98.78741897272043,
      "f1_std": 0.1585389982579064,
      "auc": 0.9983069577991452,
      "auc_std": 0.00030843324198369913
    }
  },
  "asr_pre": 98.22626800868363,
  "asr_pre_std": 0.10419731637034754,
  "asr_post": 97.17781724886521,
  "asr_post_std": 0.17744849524723288,
  "cda_pre": 97.24444444444445,
  "cda_pre_std": 0.02454524670485584,
  "cda_post": 96.05999999999999,
  "cda_post_std": 0.13673440055924554,
  "wla_weights": [
    0.035354373355706535,
    0.03649896631638209,
    0.05944249282280604,
    0.15321369965871176,
    0.06201973184943199,
    0.06655212864279747,
    0.08151975522438686,
    0.08251092707117398,
    0.06391265119115512,
    0.09115882962942123,
    0.1604398936033249,
    0.10737655560175578
  ],
  "nc": {
    "target_class": 0,
    "anomaly_index": 3.6891484741059974,
    "flagged": true
  },
  "dataset": "cifar10",
  "attack": "badnets",
  "backbone": "deit_small_patch16_224",
  "tag": "cifar10_badnets_deit",
  "seeds": [
    42,
    43,
    44
  ],
  "config": {
    "dataset": "cifar10",
    "attack": "badnets",
    "backbone": "deit_small_patch16_224",
    "tag": "cifar10_badnets_deit",
    "img_size": 224,
    "num_layers": 12,
    "num_features": 7,
    "num_classes": 10,
    "data_root": "data",
    "tinyimagenet_root": "data/tiny-imagenet-200",
    "pretrained": true,
    "poison_rate": 0.1,
    "target_class": 0,
    "trigger_size": 22,
    "blend_alpha": 0.2,
    "ss_epsilon": 0.1,
    "epochs": 8,
    "lr": 0.0001,
    "weight_decay": 0.0001,
    "batch_size": 64,
    "num_workers": 8,
    "train_cap": 0,
    "save_checkpoints": true,
    "load_checkpoints": true,
    "checkpoint_dir": "checkpoints",
    "train_ratio": 0.56,
    "val_ratio": 0.14,
    "test_ratio": 0.3,
    "detector_samples": 2000,
    "hist_bins": 20,
    "wla_temperature": 0.5,
    "ensemble_xgb_weight": 0.6,
    "xgb_estimators": 300,
    "xgb_depth": 6,
    "xgb_lr": 0.05,
    "strip_overlays": 8,
    "nc_steps": 200,
    "nc_lambda": 0.001,
    "nc_max_classes": 0,
    "abl_isolation_rate": 0.1,
    "abl_gamma": 0.2,
    "mitigation_lambda": 0.01,
    "mitigation_layers": [
      4,
      5,
      6,
      7
    ],
    "mitigation_epochs": 2,
    "asr_gate": "warn",
    "asr_gate_threshold": 80.0,
    "seed": 42,
    "seeds": [
      42,
      43,
      44
    ],
    "output_dir": "results",
    "figures_dir": "paper/figures",
    "device": "auto"
  },
  "feature_correlation": {
    "entropy": 0.4496745181512096,
    "variance": 0.48206591633464857,
    "concentration": 0.6116636609543563,
    "sparsity": 0.37352608576974305,
    "energy": 0.4820659196394774,
    "kl_div": 0.44967454010100655,
    "drift": 0.5234659985664881
  }
}