{
  "detectors": {
    "xu": {
      "method": "Xu et al. (final-layer hist)",
      "acc": 87.11666666666666,
      "acc_std": 3.1541859312489584,
      "f1": 88.18856445113481,
      "f1_std": 2.840595807057204,
      "auc": 0.9278672542735044,
      "auc_std": 0.027581611467532987,
      "pre": 84.40904132629326,
      "pre_std": 3.2642497412285674,
      "rec": 92.33974358974359,
      "rec_std": 2.5041057672595617
    },
    "single_layer": {
      "method": "Single-layer (last)",
      "acc": 97.91666666666667,
      "acc_std": 0.062360956446230076,
      "f1": 97.9933460578584,
      "f1_std": 0.05645686933810977,
      "auc": 0.9965975560897435,
      "auc_std": 0.0007292964415311136,
      "pre": 98.16966028559311,
      "pre_std": 0.4013331706789176,
      "rec": 97.82051282051282,
      "rec_std": 0.35401798132010354
    },
    "mlaf_bd": {
      "method": "MLAF-BD (full)",
      "acc": 99.48333333333335,
      "acc_std": 0.12472191289246395,
      "f1": 99.50410382675807,
      "f1_std": 0.1190382452857398,
      "auc": 0.9996424278846154,
      "auc_std": 0.00030769039490367454,
      "pre": 99.3616700168301,
      "pre_std": 0.27303221428506314,
      "rec": 99.64743589743591,
      "rec_std": 0.04532735776837204
    },
    "no_drift": {
      "method": "w/o Attention Drift",
      "acc": 99.31666666666668,
      "acc_std": 0.2054804667656324,
      "f1": 99.3441091282818,
      "f1_std": 0.19663233715711687,
      "auc": 0.9995512820512822,
      "auc_std": 0.0003912571246849886,
      "pre": 99.20181501965607,
      "pre_std": 0.31480601725212787,
      "rec": 99.48717948717949,
      "rec_std": 0.11992491624275269
    },
    "strip": {
      "method": "STRIP",
      "acc": 72.03333333333333,
      "acc_std": 5.136849445158208,
      "f1": 76.37075425263349,
      "f1_std": 3.18792123441639,
      "auc": 0.8078659188034187,
      "auc_std": 0.046151528443059676,
      "pre": 68.89087600695387,
      "pre_std": 5.857852944813499,
      "rec": 86.12179487179486,
      "rec_std": 1.383041603230222
    },
    "neural_cleanse": {
      "method": "Neural Cleanse (per-sample)",
      "acc": 95.58333333333333,
      "acc_std": 0.08498365855988142,
      "f1": 95.90869222574877,
      "f1_std": 0.07316226711813753,
      "auc": 0.9680977897970084,
      "auc_std": 0.005104483069932229,
      "pre": 92.5241333611167,
      "pre_std": 0.24319002452115518,
      "rec": 99.55128205128206,
      "rec_std": 0.19757737189002933
    },
    "abl": {
      "method": "ABL (per-sample)",
      "acc": 93.58333333333333,
      "acc_std": 0.20138409955990474,
      "f1": 93.48465252340772,
      "f1_std": 0.19971898915939743,
      "auc": 0.9166279380341882,
      "auc_std": 0.012165527445522625,
      "pre": 99.03263698853014,
      "pre_std": 0.3143513575096207,
      "rec": 88.52564102564104,
      "rec_std": 0.16343011261515522
    }
  },
  "ablation": {
    "A_last": {
      "acc": 97.91666666666667,
      "acc_std": 0.062360956446230076,
      "f1": 97.9933460578584,
      "f1_std": 0.05645686933810977,
      "auc": 0.9965975560897435,
      "auc_std": 0.0007292964415311136
    },
    "B_first_last": {
      "acc": 97.88333333333333,
      "acc_std": 0.06236095644623388,
      "f1": 97.96315771941909,
      "f1_std": 0.058262795668568075,
      "auc": 0.9965147569444444,
      "auc_std": 0.0006183224692985252
    },
    "C_concat_xgb": {
      "acc": 99.5,
      "acc_std": 0.12247448713915775,
      "f1": 99.51882874748979,
      "f1_std": 0.11831425328865085,
      "auc": 0.9995379273504273,
      "auc_std": 0.00044943603391692997
    },
    "D_wla_xgb": {
      "acc": 99.28333333333335,
      "acc_std": 0.1649915822768632,
      "f1": 99.31251777478145,
      "f1_std": 0.15853599605641255,
      "auc": 0.9995055422008546,
      "auc_std": 0.00014934592477504975
    },
    "E_full": {
      "acc": 99.48333333333335,
      "acc_std": 0.12472191289246395,
      "f1": 99.50410382675807,
      "f1_std": 0.1190382452857398,
      "auc": 0.9996424278846154,
      "auc_std": 0.00030769039490367454
    },
    "F_no_drift": {
      "acc": 99.31666666666668,
      "acc_std": 0.2054804667656324,
      "f1": 99.3441091282818,
      "f1_std": 0.19663233715711687,
      "auc": 0.9995512820512822,
      "auc_std": 0.0003912571246849886
    },
    "G_no_entropy": {
      "acc": 99.5,
      "acc_std": 0.12247448713915775,
      "f1": 99.52002952568643,
      "f1_std": 0.11684227239290582,
      "auc": 0.9996227297008548,
      "auc_std": 0.0003256305630857246
    },
    "H_no_kl": {
      "acc": 99.43333333333334,
      "acc_std": 0.15456030825826367,
      "f1": 99.45643345998924,
      "f1_std": 0.14752942386715773,
      "auc": 0.9996404246794871,
      "auc_std": 0.00033075438271318617
    },
    "I_no_variance": {
      "acc": 99.45,
      "acc_std": 0.1471960144387955,
      "f1": 99.47249708461668,
      "f1_std": 0.14023195073704312,
      "auc": 0.9996471020299146,
      "auc_std": 0.0003114112504743761
    }
  },
  "asr_pre": 99.64969409907242,
  "asr_pre_std": 0.060528143607585884,
  "asr_post": 88.2277481744622,
  "asr_post_std": 8.287979707384043,
  "cda_pre": 96.68222222222222,
  "cda_pre_std": 0.05286834334831124,
  "cda_post": 95.81111111111112,
  "cda_post_std": 0.20801234531265392,
  "wla_weights": [
    0.046259074161450066,
    0.034670485804478325,
    0.0352488582332929,
    0.03954487728575865,
    0.06053684279322624,
    0.03726883977651596,
    0.04065628598133723,
    0.11687236279249191,
    0.1326435630520185,
    0.16651963194211325,
    0.166320929924647,
    0.12345825384060542
  ],
  "nc": {
    "target_class": 0,
    "anomaly_index": 9.524308140142004,
    "flagged": true
  },
  "dataset": "cifar10",
  "attack": "blend",
  "backbone": "vit_tiny_patch16_224",
  "tag": "cifar10_blend_vit",
  "seeds": [
    42,
    43,
    44
  ],
  "config": {
    "dataset": "cifar10",
    "attack": "blend",
    "backbone": "vit_tiny_patch16_224",
    "tag": "cifar10_blend_vit",
    "img_size": 224,
    "num_layers": 12,
    "num_features": 7,
    "num_classes": 10,
    "data_root": "data",
    "tinyimagenet_root": "data/tiny-imagenet-200",
    "pretrained": true,
    "poison_rate": 0.1,
    "target_class": 0,
    "trigger_size": 22,
    "blend_alpha": 0.2,
    "ss_epsilon": 0.1,
    "epochs": 8,
    "lr": 0.0001,
    "weight_decay": 0.0001,
    "batch_size": 64,
    "num_workers": 8,
    "train_cap": 0,
    "save_checkpoints": false,
    "load_checkpoints": false,
    "checkpoint_dir": "checkpoints",
    "train_ratio": 0.56,
    "val_ratio": 0.14,
    "test_ratio": 0.3,
    "detector_samples": 2000,
    "hist_bins": 20,
    "wla_temperature": 0.5,
    "ensemble_xgb_weight": 0.6,
    "xgb_estimators": 300,
    "xgb_depth": 6,
    "xgb_lr": 0.05,
    "strip_overlays": 8,
    "nc_steps": 200,
    "nc_lambda": 0.001,
    "nc_max_classes": 0,
    "abl_isolation_rate": 0.1,
    "abl_gamma": 0.2,
    "mitigation_lambda": 0.01,
    "mitigation_layers": [
      4,
      5,
      6,
      7
    ],
    "mitigation_epochs": 2,
    "asr_gate": "warn",
    "asr_gate_threshold": 80.0,
    "seed": 42,
    "seeds": [
      42,
      43,
      44
    ],
    "output_dir": "results",
    "figures_dir": "paper/figures",
    "device": "auto"
  },
  "feature_correlation": {
    "entropy": 0.4037061793118179,
    "variance": 0.4091812291960253,
    "concentration": 0.39319215269879426,
    "sparsity": 0.3345561815233342,
    "energy": 0.4091812282259785,
    "kl_div": 0.4037061675714857,
    "drift": 0.3061321098099294
  }
}