{
  "detectors": {
    "xu": {
      "method": "Xu et al. (final-layer hist)",
      "acc": 87.58333333333333,
      "acc_std": 6.512082786806555,
      "f1": 88.20015639363368,
      "f1_std": 6.092039016739522,
      "auc": 0.935139890491453,
      "auc_std": 0.03700481610815595,
      "pre": 87.917687395486,
      "pre_std": 7.332356077076188,
      "rec": 88.52564102564104,
      "rec_std": 4.908766594635037
    },
    "single_layer": {
      "method": "Single-layer (last)",
      "acc": 91.7,
      "acc_std": 3.8989314775546755,
      "f1": 92.04402845503638,
      "f1_std": 3.6961150555370916,
      "auc": 0.9666594885149573,
      "auc_std": 0.018864596292150284,
      "pre": 91.95037812868439,
      "pre_std": 4.076189777669617,
      "rec": 92.14743589743591,
      "rec_std": 3.400760347359245
    },
    "mlaf_bd": {
      "method": "MLAF-BD (full)",
      "acc": 96.81666666666666,
      "acc_std": 0.5572751165766778,
      "f1": 96.98158167293165,
      "f1_std": 0.5120179881823754,
      "auc": 0.9946841613247863,
      "auc_std": 0.0006864334101854693,
      "pre": 95.76527187663628,
      "pre_std": 1.10765934401866,
      "rec": 98.23717948717949,
      "rec_std": 0.11992491624275775
    },
    "no_drift": {
      "method": "w/o Attention Drift",
      "acc": 96.48333333333333,
      "acc_std": 0.7706418681131241,
      "f1": 96.67728880700763,
      "f1_std": 0.7045139084439932,
      "auc": 0.9940805288461538,
      "auc_std": 0.0004017845592681806,
      "pre": 95.17466599643406,
      "pre_std": 1.3221176987896068,
      "rec": 98.23717948717949,
      "rec_std": 0.04532735776836534
    },
    "strip": {
      "method": "STRIP",
      "acc": 82.68333333333334,
      "acc_std": 8.781166715698369,
      "f1": 84.21185742542015,
      "f1_std": 7.103025227355384,
      "auc": 0.8974348958333334,
      "auc_std": 0.04812163305117875,
      "pre": 83.62094285931009,
      "pre_std": 12.493176278139824,
      "rec": 85.60897435897436,
      "rec_std": 1.632414304903442
    },
    "neural_cleanse": {
      "method": "Neural Cleanse (per-sample)",
      "acc": 82.09999999999998,
      "acc_std": 18.674046160379913,
      "f1": 86.86508347134226,
      "f1_std": 12.15991253785401,
      "auc": 0.8610653712606838,
      "auc_std": 0.17670705862676703,
      "pre": 82.144762077397,
      "pre_std": 19.91174253007965,
      "rec": 95.83333333333333,
      "rec_std": 1.688101805418423
    },
    "abl": {
      "method": "ABL (per-sample)",
      "acc": 84.66666666666667,
      "acc_std": 5.299737939013796,
      "f1": 83.80633869237137,
      "f1_std": 6.232774656961084,
      "auc": 0.8593551348824787,
      "auc_std": 0.02471855573457526,
      "pre": 91.71955866924377,
      "pre_std": 4.42524417497384,
      "rec": 77.46794871794872,
      "rec_std": 8.423696460843733
    }
  },
  "ablation": {
    "A_last": {
      "acc": 91.7,
      "acc_std": 3.8989314775546755,
      "f1": 92.04402845503638,
      "f1_std": 3.6961150555370916,
      "auc": 0.9666594885149573,
      "auc_std": 0.018864596292150284
    },
    "B_first_last": {
      "acc": 92.71666666666665,
      "acc_std": 3.037908637350524,
      "f1": 92.95400239011148,
      "f1_std": 2.9253737545898693,
      "auc": 0.9710072783119658,
      "auc_std": 0.013800599125983982
    },
    "C_concat_xgb": {
      "acc": 97.23333333333335,
      "acc_std": 0.5542763049438661,
      "f1": 97.35569899107729,
      "f1_std": 0.5151267178000137,
      "auc": 0.994186030982906,
      "auc_std": 0.0011023267099788364
    },
    "D_wla_xgb": {
      "acc": 90.16666666666667,
      "acc_std": 4.309936838928796,
      "f1": 90.54385892058747,
      "f1_std": 4.14111573789226,
      "auc": 0.9566589877136753,
      "auc_std": 0.020093824381699387
    },
    "E_full": {
      "acc": 96.81666666666666,
      "acc_std": 0.5572751165766778,
      "f1": 96.98158167293165,
      "f1_std": 0.5120179881823754,
      "auc": 0.9946841613247863,
      "auc_std": 0.0006864334101854693
    },
    "F_no_drift": {
      "acc": 96.48333333333333,
      "acc_std": 0.7706418681131241,
      "f1": 96.67728880700763,
      "f1_std": 0.7045139084439932,
      "auc": 0.9940805288461538,
      "auc_std": 0.0004017845592681806
    },
    "G_no_entropy": {
      "acc": 96.75,
      "acc_std": 0.641612551830676,
      "f1": 96.927957517158,
      "f1_std": 0.5843779115712711,
      "auc": 0.9948504273504274,
      "auc_std": 0.000514279325656661
    },
    "H_no_kl": {
      "acc": 96.93333333333334,
      "acc_std": 0.548229473446617,
      "f1": 97.09170164747609,
      "f1_std": 0.5048054128081831,
      "auc": 0.9948170405982907,
      "auc_std": 0.0006858378428964922
    },
    "I_no_variance": {
      "acc": 96.98333333333333,
      "acc_std": 0.5572751165766804,
      "f1": 97.13712420327158,
      "f1_std": 0.515671609589038,
      "auc": 0.9948467548076924,
      "auc_std": 0.0007439046384674052
    }
  },
  "asr_pre": 82.8868166567989,
  "asr_pre_std": 12.420611219594363,
  "asr_post": 78.25143082691928,
  "asr_post_std": 11.046070933051075,
  "cda_pre": 92.75999999999999,
  "cda_pre_std": 0.5872976404843825,
  "cda_post": 91.2311111111111,
  "cda_post_std": 0.4397417873095215,
  "wla_weights": [
    0.044806567331155144,
    0.043659135699272156,
    0.05943565691510836,
    0.15457839518785477,
    0.06584389011065166,
    0.057848980029424034,
    0.07888241360584895,
    0.0970435490210851,
    0.08358686914046605,
    0.10768183569113414,
    0.08080592503150304,
    0.12582678099473318
  ],
  "nc": {
    "target_class": 0,
    "anomaly_index": 2.7416736196630938,
    "flagged": true
  },
  "dataset": "cifar10",
  "attack": "cleanlabel",
  "backbone": "deit_small_patch16_224",
  "tag": "cifar10_cleanlabel_deit",
  "seeds": [
    42,
    43,
    44
  ],
  "config": {
    "dataset": "cifar10",
    "attack": "cleanlabel",
    "backbone": "deit_small_patch16_224",
    "tag": "cifar10_cleanlabel_deit",
    "img_size": 224,
    "num_layers": 12,
    "num_features": 7,
    "num_classes": 10,
    "data_root": "data",
    "tinyimagenet_root": "data/tiny-imagenet-200",
    "pretrained": true,
    "poison_rate": 0.1,
    "target_class": 0,
    "trigger_size": 22,
    "blend_alpha": 0.2,
    "ss_epsilon": 0.1,
    "epochs": 8,
    "lr": 0.0001,
    "weight_decay": 0.0001,
    "batch_size": 64,
    "num_workers": 8,
    "train_cap": 0,
    "save_checkpoints": true,
    "load_checkpoints": true,
    "checkpoint_dir": "checkpoints",
    "train_ratio": 0.56,
    "val_ratio": 0.14,
    "test_ratio": 0.3,
    "detector_samples": 2000,
    "hist_bins": 20,
    "wla_temperature": 0.5,
    "ensemble_xgb_weight": 0.6,
    "xgb_estimators": 300,
    "xgb_depth": 6,
    "xgb_lr": 0.05,
    "strip_overlays": 8,
    "nc_steps": 200,
    "nc_lambda": 0.001,
    "nc_max_classes": 0,
    "abl_isolation_rate": 0.1,
    "abl_gamma": 0.2,
    "mitigation_lambda": 0.01,
    "mitigation_layers": [
      4,
      5,
      6,
      7
    ],
    "mitigation_epochs": 2,
    "asr_gate": "warn",
    "asr_gate_threshold": 80.0,
    "seed": 42,
    "seeds": [
      42,
      43,
      44
    ],
    "output_dir": "results",
    "figures_dir": "paper/figures",
    "device": "auto"
  },
  "feature_correlation": {
    "entropy": 0.3369180601235386,
    "variance": 0.3076295915306049,
    "concentration": 0.36750795029515726,
    "sparsity": 0.28770877169769293,
    "energy": 0.3076295909517711,
    "kl_div": 0.3369180473400477,
    "drift": 0.5002998670632265
  }
}