{
  "detectors": {
    "xu": {
      "method": "Xu et al. (final-layer hist)",
      "acc": 85.06666666666668,
      "acc_std": 7.224533818101266,
      "f1": 85.52936325025466,
      "f1_std": 7.422274153732422,
      "auc": 0.9106012954059829,
      "auc_std": 0.06363779032192912,
      "pre": 84.98207278572232,
      "pre_std": 5.412428348818034,
      "rec": 86.25,
      "rec_std": 9.762654257216967
    },
    "single_layer": {
      "method": "Single-layer (last)",
      "acc": 95.23333333333333,
      "acc_std": 2.416034400049436,
      "f1": 95.41415938115368,
      "f1_std": 2.326473566772473,
      "auc": 0.9883640491452992,
      "auc_std": 0.0076218339241095456,
      "pre": 95.41395040979347,
      "pre_std": 2.24261299959212,
      "rec": 95.41666666666667,
      "rec_std": 2.4506134427711914
    },
    "mlaf_bd": {
      "method": "MLAF-BD (full)",
      "acc": 98.91666666666667,
      "acc_std": 0.6182412330330491,
      "f1": 98.96936729215865,
      "f1_std": 0.5827889309792701,
      "auc": 0.9996487713675214,
      "auc_std": 0.0002181338212568012,
      "pre": 98.21183668940968,
      "pre_std": 1.0576614851857975,
      "rec": 99.74358974358974,
      "rec_std": 0.09065471553673737
    },
    "no_drift": {
      "method": "w/o Attention Drift",
      "acc": 98.75,
      "acc_std": 0.3188521078284851,
      "f1": 98.80967486647863,
      "f1_std": 0.3004865548996945,
      "auc": 0.9995459401709402,
      "auc_std": 0.00020728145637555198,
      "pre": 97.92509921807914,
      "pre_std": 0.528211155376842,
      "rec": 99.71153846153845,
      "rec_std": 0.07850928662766642
    },
    "strip": {
      "method": "STRIP",
      "acc": 52.01666666666667,
      "acc_std": 0.023570226039550245,
      "f1": 68.42855740865821,
      "f1_std": 0.010613357528072685,
      "auc": 0.6281500400641025,
      "auc_std": 0.09256083430694854,
      "pre": 52.00867100216775,
      "pre_std": 0.012262648864997826,
      "rec": 100.0,
      "rec_std": 0.0
    },
    "neural_cleanse": {
      "method": "Neural Cleanse (per-sample)",
      "acc": 95.34999999999998,
      "acc_std": 0.12247448713916355,
      "f1": 95.69786207636521,
      "f1_std": 0.10691494920187451,
      "auc": 0.9712491653311965,
      "auc_std": 0.004720951276198562,
      "pre": 92.21854083290687,
      "pre_std": 0.4706701132899881,
      "rec": 99.45512820512822,
      "rec_std": 0.5047440944879394
    },
    "abl": {
      "method": "ABL (per-sample)",
      "acc": 93.7,
      "acc_std": 0.10801234497346478,
      "f1": 93.59521105025476,
      "f1_std": 0.11793981179955296,
      "auc": 0.9253665865384616,
      "auc_std": 0.0033130275558961833,
      "pre": 99.28353559141242,
      "pre_std": 0.3495994603596028,
      "rec": 88.52564102564101,
      "rec_std": 0.37102041355096754
    }
  },
  "ablation": {
    "A_last": {
      "acc": 95.23333333333333,
      "acc_std": 2.416034400049436,
      "f1": 95.41415938115368,
      "f1_std": 2.326473566772473,
      "auc": 0.9883640491452992,
      "auc_std": 0.0076218339241095456
    },
    "B_first_last": {
      "acc": 95.66666666666667,
      "acc_std": 2.258440956845138,
      "f1": 95.87946589324453,
      "f1_std": 2.137581334907691,
      "auc": 0.9902684294871795,
      "auc_std": 0.006230167675588276
    },
    "C_concat_xgb": {
      "acc": 99.03333333333335,
      "acc_std": 0.5249338582674549,
      "f1": 99.07701484253596,
      "f1_std": 0.4972423583029467,
      "auc": 0.9994661458333334,
      "auc_std": 0.00027621479706497744
    },
    "D_wla_xgb": {
      "acc": 93.05000000000001,
      "acc_std": 4.348179695765424,
      "f1": 93.43148964077012,
      "f1_std": 4.0775381487673235,
      "auc": 0.9734007745726495,
      "auc_std": 0.020982334137736758
    },
    "E_full": {
      "acc": 98.91666666666667,
      "acc_std": 0.6182412330330491,
      "f1": 98.96936729215865,
      "f1_std": 0.5827889309792701,
      "auc": 0.9996487713675214,
      "auc_std": 0.0002181338212568012
    },
    "F_no_drift": {
      "acc": 98.75,
      "acc_std": 0.3188521078284851,
      "f1": 98.80967486647863,
      "f1_std": 0.3004865548996945,
      "auc": 0.9995459401709402,
      "auc_std": 0.00020728145637555198
    },
    "G_no_entropy": {
      "acc": 98.84999999999998,
      "acc_std": 0.5612486080160948,
      "f1": 98.90592710225322,
      "f1_std": 0.5293791002446671,
      "auc": 0.9996698050213674,
      "auc_std": 0.00022639516989129884
    },
    "H_no_kl": {
      "acc": 98.84999999999998,
      "acc_std": 0.5612486080160948,
      "f1": 98.90592710225322,
      "f1_std": 0.5293791002446671,
      "auc": 0.9996768162393163,
      "auc_std": 0.00019586445631111757
    },
    "I_no_variance": {
      "acc": 98.91666666666667,
      "acc_std": 0.47316898555261533,
      "f1": 98.96809807542998,
      "f1_std": 0.44730133248704484,
      "auc": 0.9996567841880343,
      "auc_std": 0.0001987457017613453
    }
  },
  "asr_pre": 99.85198342214328,
  "asr_pre_std": 0.026339743072899612,
  "asr_post": 92.9568778369844,
  "asr_post_std": 8.17236137206511,
  "cda_pre": 96.74888888888889,
  "cda_pre_std": 0.08982836858403635,
  "cda_post": 95.2311111111111,
  "cda_post_std": 0.05971123930019663,
  "wla_weights": [
    0.04779300093650818,
    0.0661052552362283,
    0.05404049903154373,
    0.06374958902597427,
    0.06569745515783627,
    0.08796994884808858,
    0.07222173983852069,
    0.06354368353883426,
    0.11876425643761952,
    0.08507084598143895,
    0.13046792894601822,
    0.14457579950491586
  ],
  "nc": {
    "target_class": 0,
    "anomaly_index": 5.836972908335674,
    "flagged": true
  },
  "dataset": "cifar10",
  "attack": "samplespecific",
  "backbone": "vit_tiny_patch16_224",
  "tag": "cifar10_samplespecific_vit",
  "seeds": [
    42,
    43,
    44
  ],
  "config": {
    "dataset": "cifar10",
    "attack": "samplespecific",
    "backbone": "vit_tiny_patch16_224",
    "tag": "cifar10_samplespecific_vit",
    "img_size": 224,
    "num_layers": 12,
    "num_features": 7,
    "num_classes": 10,
    "data_root": "data",
    "tinyimagenet_root": "data/tiny-imagenet-200",
    "pretrained": true,
    "poison_rate": 0.1,
    "target_class": 0,
    "trigger_size": 22,
    "blend_alpha": 0.2,
    "ss_epsilon": 0.1,
    "epochs": 8,
    "lr": 0.0001,
    "weight_decay": 0.0001,
    "batch_size": 64,
    "num_workers": 8,
    "train_cap": 0,
    "save_checkpoints": true,
    "load_checkpoints": true,
    "checkpoint_dir": "checkpoints",
    "train_ratio": 0.56,
    "val_ratio": 0.14,
    "test_ratio": 0.3,
    "detector_samples": 2000,
    "hist_bins": 20,
    "wla_temperature": 0.5,
    "ensemble_xgb_weight": 0.6,
    "xgb_estimators": 300,
    "xgb_depth": 6,
    "xgb_lr": 0.05,
    "strip_overlays": 8,
    "nc_steps": 200,
    "nc_lambda": 0.001,
    "nc_max_classes": 0,
    "abl_isolation_rate": 0.1,
    "abl_gamma": 0.2,
    "mitigation_lambda": 0.01,
    "mitigation_layers": [
      4,
      5,
      6,
      7
    ],
    "mitigation_epochs": 2,
    "asr_gate": "warn",
    "asr_gate_threshold": 80.0,
    "seed": 42,
    "seeds": [
      42,
      43,
      44
    ],
    "output_dir": "results",
    "figures_dir": "paper/figures",
    "device": "auto"
  },
  "feature_correlation": {
    "entropy": 0.21095381936348603,
    "variance": 0.22197317442368028,
    "concentration": 0.2196408598737689,
    "sparsity": 0.14637148403508618,
    "energy": 0.22197317480017542,
    "kl_div": 0.21095381428883106,
    "drift": 0.4231249818492151
  }
}