{
  "detectors": {
    "xu": {
      "method": "Xu et al. (final-layer hist)",
      "acc": 90.21666666666665,
      "acc_std": 3.873055067457158,
      "f1": 90.14243502677289,
      "f1_std": 3.9511299750372584,
      "auc": 0.9592930053572624,
      "auc_std": 0.024390670673646093,
      "pre": 91.14392732857357,
      "pre_std": 3.197433913807142,
      "rec": 89.17576961271102,
      "rec_std": 4.679637540467904
    },
    "single_layer": {
      "method": "Single-layer (last)",
      "acc": 90.51666666666667,
      "acc_std": 4.239562346385403,
      "f1": 90.48936349862333,
      "f1_std": 4.309833754312218,
      "auc": 0.9641440763930765,
      "auc_std": 0.023773184349866843,
      "pre": 91.00053490996636,
      "pre_std": 3.5351378723255893,
      "rec": 90.00331016219793,
      "rec_std": 5.11353102080834
    },
    "mlaf_bd": {
      "method": "MLAF-BD (full)",
      "acc": 98.56666666666668,
      "acc_std": 0.347211110933332,
      "f1": 98.59306536686516,
      "f1_std": 0.33901582718952344,
      "auc": 0.9995273101715317,
      "auc_std": 0.0002901743276006316,
      "pre": 97.50936759825993,
      "pre_std": 0.5192890660881961,
      "rec": 99.70208540218471,
      "rec_std": 0.21452302874570572
    },
    "no_drift": {
      "method": "w/o Attention Drift",
      "acc": 97.85000000000001,
      "acc_std": 0.9119576013536267,
      "f1": 97.90512913901911,
      "f1_std": 0.8821723325918736,
      "auc": 0.9989286141687609,
      "auc_std": 0.0008998256698916376,
      "pre": 96.33329240377007,
      "pre_std": 1.4268163915005516,
      "rec": 99.5365772922873,
      "rec_std": 0.3831789772522423
    },
    "strip": {
      "method": "STRIP",
      "acc": 65.33333333333333,
      "acc_std": 5.146573833359645,
      "f1": 70.70254868297974,
      "f1_std": 1.3242357331204044,
      "auc": 0.7527307171384732,
      "auc_std": 0.031489757476799614,
      "pre": 62.84900357801943,
      "pre_std": 6.605109269947667,
      "rec": 82.55544521681563,
      "rec_std": 7.376835896555636
    },
    "neural_cleanse": {
      "method": "Neural Cleanse (per-sample)",
      "acc": 84.53333333333335,
      "acc_std": 21.554981378378,
      "f1": 89.39965394013336,
      "f1_std": 14.675407500517455,
      "auc": 0.8569559908435513,
      "auc_std": 0.20216395891940414,
      "pre": 83.8973197186775,
      "pre_std": 22.351940522470073,
      "rec": 99.86759351208208,
      "rec_std": 0.04681276273992592
    },
    "abl": {
      "method": "ABL (per-sample)",
      "acc": 99.45,
      "acc_std": 0.04082482904638398,
      "f1": 99.45155390022784,
      "f1_std": 0.0407029250705639,
      "auc": 0.9950724252155023,
      "auc_std": 0.00023556101830243754,
      "pre": 99.86649976629936,
      "pre_std": 0.04716401639202285,
      "rec": 99.04005296259515,
      "rec_std": 0.04681276273992592
    }
  },
  "ablation": {
    "A_last": {
      "acc": 90.51666666666667,
      "acc_std": 4.239562346385403,
      "f1": 90.48936349862333,
      "f1_std": 4.309833754312218,
      "auc": 0.9641440763930765,
      "auc_std": 0.023773184349866843
    },
    "B_first_last": {
      "acc": 91.94999999999999,
      "acc_std": 3.447462835187636,
      "f1": 92.044405677015,
      "f1_std": 3.4487282197849094,
      "auc": 0.9786736216741287,
      "auc_std": 0.013744279748830947
    },
    "C_concat_xgb": {
      "acc": 98.60000000000001,
      "acc_std": 0.3082207001484482,
      "f1": 98.6206851972857,
      "f1_std": 0.3040321177759571,
      "auc": 0.9992989656493169,
      "auc_std": 0.00046630673966630405
    },
    "D_wla_xgb": {
      "acc": 92.55000000000001,
      "acc_std": 3.050682983639349,
      "f1": 92.55925040087853,
      "f1_std": 3.0818325932101063,
      "auc": 0.9774930638267941,
      "auc_std": 0.01375307782602674
    },
    "E_full": {
      "acc": 98.56666666666668,
      "acc_std": 0.347211110933332,
      "f1": 98.59306536686516,
      "f1_std": 0.33901582718952344,
      "auc": 0.9995273101715317,
      "auc_std": 0.0002901743276006316
    },
    "F_no_drift": {
      "acc": 97.85000000000001,
      "acc_std": 0.9119576013536267,
      "f1": 97.90512913901911,
      "f1_std": 0.8821723325918736,
      "auc": 0.9989286141687609,
      "auc_std": 0.0008998256698916376
    },
    "G_no_entropy": {
      "acc": 98.68333333333334,
      "acc_std": 0.30092450142112376,
      "f1": 98.70541050880927,
      "f1_std": 0.2950678889749232,
      "auc": 0.9995383107105581,
      "auc_std": 0.00029446570756637826
    },
    "H_no_kl": {
      "acc": 98.48333333333335,
      "acc_std": 0.3009245014211303,
      "f1": 98.51222602354471,
      "f1_std": 0.2937551112224826,
      "auc": 0.9995349772138834,
      "auc_std": 0.0003016845799498641
    },
    "I_no_variance": {
      "acc": 98.58333333333333,
      "acc_std": 0.2953340857778191,
      "f1": 98.609011774235,
      "f1_std": 0.28846626842083073,
      "auc": 0.9995363106125533,
      "auc_std": 0.0003215955391931912
    }
  },
  "asr_pre": 99.44234800838575,
  "asr_pre_std": 0.09542814823263256,
  "asr_post": 96.86792452830188,
  "asr_post_std": 1.2958213561644047,
  "cda_pre": 99.84986863505567,
  "cda_pre_std": 0.030645436541767223,
  "cda_post": 99.61633095625338,
  "cda_post_std": 0.2864493892334878,
  "wla_weights": [
    0.040748549004395805,
    0.06259213512142499,
    0.04587498431404432,
    0.05087521051367124,
    0.05269842967391014,
    0.07717100034157436,
    0.09970457355181377,
    0.0886166791121165,
    0.11660321305195491,
    0.1413735548655192,
    0.09168431162834167,
    0.13205735633770624
  ],
  "nc": {
    "target_class": 0,
    "anomaly_index": 2.4120555576077938,
    "flagged": true
  },
  "dataset": "gtsrb",
  "attack": "samplespecific",
  "backbone": "vit_tiny_patch16_224",
  "tag": "gtsrb_samplespecific_vit",
  "seeds": [
    42,
    43,
    44
  ],
  "config": {
    "dataset": "gtsrb",
    "attack": "samplespecific",
    "backbone": "vit_tiny_patch16_224",
    "tag": "gtsrb_samplespecific_vit",
    "img_size": 224,
    "num_layers": 12,
    "num_features": 7,
    "num_classes": 43,
    "data_root": "data",
    "tinyimagenet_root": "data/tiny-imagenet-200",
    "pretrained": true,
    "poison_rate": 0.1,
    "target_class": 0,
    "trigger_size": 22,
    "blend_alpha": 0.2,
    "ss_epsilon": 0.1,
    "epochs": 8,
    "lr": 0.0001,
    "weight_decay": 0.0001,
    "batch_size": 64,
    "num_workers": 8,
    "train_cap": 0,
    "save_checkpoints": true,
    "load_checkpoints": true,
    "checkpoint_dir": "checkpoints",
    "train_ratio": 0.56,
    "val_ratio": 0.14,
    "test_ratio": 0.3,
    "detector_samples": 2000,
    "hist_bins": 20,
    "wla_temperature": 0.5,
    "ensemble_xgb_weight": 0.6,
    "xgb_estimators": 300,
    "xgb_depth": 6,
    "xgb_lr": 0.05,
    "strip_overlays": 8,
    "nc_steps": 200,
    "nc_lambda": 0.001,
    "nc_max_classes": 0,
    "abl_isolation_rate": 0.1,
    "abl_gamma": 0.2,
    "mitigation_lambda": 0.01,
    "mitigation_layers": [
      4,
      5,
      6,
      7
    ],
    "mitigation_epochs": 2,
    "asr_gate": "warn",
    "asr_gate_threshold": 80.0,
    "seed": 42,
    "seeds": [
      42,
      43,
      44
    ],
    "output_dir": "results",
    "figures_dir": "paper/figures",
    "device": "auto"
  },
  "feature_correlation": {
    "entropy": 0.3954397252050608,
    "variance": 0.3565325688975572,
    "concentration": 0.30399734774415277,
    "sparsity": 0.4005241653464731,
    "energy": 0.3565325693870122,
    "kl_div": 0.3954397210295759,
    "drift": 0.37571678778440787
  }
}