{
  "detectors": {
    "xu": {
      "method": "Xu et al. (final-layer hist)",
      "acc": 88.89999999999999,
      "acc_std": 1.701469952717356,
      "f1": 88.98382894938705,
      "f1_std": 1.6925171240024022,
      "auc": 0.9521853237475303,
      "auc_std": 0.014658260820147557,
      "pre": 88.92484437172148,
      "pre_std": 1.6642814941460553,
      "rec": 89.04336312479313,
      "rec_std": 1.73207222137718
    },
    "single_layer": {
      "method": "Single-layer (last)",
      "acc": 93.95,
      "acc_std": 0.6745368781615988,
      "f1": 93.99438302314654,
      "f1_std": 0.6757527824770515,
      "auc": 0.9837413699937964,
      "auc_std": 0.0020512780741470124,
      "pre": 93.94750458346459,
      "pre_std": 0.593594946935489,
      "rec": 94.04170804369414,
      "rec_std": 0.7734737799104895
    },
    "mlaf_bd": {
      "method": "MLAF-BD (full)",
      "acc": 98.88333333333333,
      "acc_std": 0.2624669291337253,
      "f1": 98.90054885266922,
      "f1_std": 0.2564932356682143,
      "auc": 0.9995813128176615,
      "auc_std": 0.0001421391411734056,
      "pre": 98.1129515396994,
      "pre_std": 0.4721493683175839,
      "rec": 99.70208540218471,
      "rec_std": 0.14043828821976437
    },
    "no_drift": {
      "method": "w/o Attention Drift",
      "acc": 98.80000000000001,
      "acc_std": 0.08164965809277376,
      "f1": 98.81899231797121,
      "f1_std": 0.07898200803445955,
      "auc": 0.9993856365628583,
      "auc_std": 8.78880681300942e-05,
      "pre": 97.95177609060748,
      "pre_std": 0.20557954532209133,
      "rec": 99.70208540218471,
      "rec_std": 0.08108208350821314
    },
    "strip": {
      "method": "STRIP",
      "acc": 52.48333333333334,
      "acc_std": 2.377089723917793,
      "f1": 67.50664066217591,
      "f1_std": 0.580952616485565,
      "auc": 0.576971271592308,
      "auc_std": 0.05913046937652223,
      "pre": 51.546312501873075,
      "pre_std": 1.360345089559708,
      "rec": 97.94769943727243,
      "rec_std": 2.3630014296689503
    },
    "neural_cleanse": {
      "method": "Neural Cleanse (per-sample)",
      "acc": 99.78333333333335,
      "acc_std": 0.023570226039550245,
      "f1": 99.78522499291209,
      "f1_std": 0.023417893913619283,
      "auc": 0.999893661456078,
      "auc_std": 2.5303852841249513e-05,
      "pre": 99.60422154975141,
      "pre_std": 0.0001846635605521654,
      "rec": 99.96689837802052,
      "rec_std": 0.04681276273992592
    },
    "abl": {
      "method": "ABL (per-sample)",
      "acc": 99.60000000000001,
      "acc_std": 0.04082482904638398,
      "f1": 99.60200648532044,
      "f1_std": 0.04046005363855416,
      "auc": 0.9949695868430886,
      "auc_std": 8.691449347156956e-05,
      "pre": 99.80066434176858,
      "pre_std": 0.08124321207324754,
      "rec": 99.40417080436941,
      "rec_std": 0.0
    }
  },
  "ablation": {
    "A_last": {
      "acc": 93.95,
      "acc_std": 0.6745368781615988,
      "f1": 93.99438302314654,
      "f1_std": 0.6757527824770515,
      "auc": 0.9837413699937964,
      "auc_std": 0.0020512780741470124
    },
    "B_first_last": {
      "acc": 94.73333333333335,
      "acc_std": 0.4249182927993969,
      "f1": 94.75338179432333,
      "f1_std": 0.4107078332300821,
      "auc": 0.9879494095210665,
      "auc_std": 0.0009697220322180499
    },
    "C_concat_xgb": {
      "acc": 98.98333333333333,
      "acc_std": 0.1545603082582596,
      "f1": 98.99607517699205,
      "f1_std": 0.15144091343566676,
      "auc": 0.9993723025761595,
      "auc_std": 0.00018080954796543457
    },
    "D_wla_xgb": {
      "acc": 96.11666666666667,
      "acc_std": 1.4522013940527974,
      "f1": 96.14795788661893,
      "f1_std": 1.442288867192385,
      "auc": 0.9903925292339326,
      "auc_std": 0.00403866699406513
    },
    "E_full": {
      "acc": 98.88333333333333,
      "acc_std": 0.2624669291337253,
      "f1": 98.90054885266922,
      "f1_std": 0.2564932356682143,
      "auc": 0.9995813128176615,
      "auc_std": 0.0001421391411734056
    },
    "F_no_drift": {
      "acc": 98.80000000000001,
      "acc_std": 0.08164965809277376,
      "f1": 98.81899231797121,
      "f1_std": 0.07898200803445955,
      "auc": 0.9993856365628583,
      "auc_std": 8.78880681300942e-05
    },
    "G_no_entropy": {
      "acc": 98.86666666666667,
      "acc_std": 0.23921166824012166,
      "f1": 98.88465131999243,
      "f1_std": 0.2332909442209963,
      "auc": 0.9995856463633386,
      "auc_std": 0.00016462141814229216
    },
    "H_no_kl": {
      "acc": 98.90000000000002,
      "acc_std": 0.18708286933869783,
      "f1": 98.91654220091631,
      "f1_std": 0.18257877648235182,
      "auc": 0.9995969802520324,
      "auc_std": 0.00012482865730371437
    },
    "I_no_variance": {
      "acc": 98.81666666666666,
      "acc_std": 0.27182510717166986,
      "f1": 98.83655581558988,
      "f1_std": 0.2648040809998926,
      "auc": 0.9995876464613432,
      "auc_std": 0.0001469977543625472
    }
  },
  "asr_pre": 99.73584905660378,
  "asr_pre_std": 0.06734749855014552,
  "asr_post": 74.17610062893081,
  "asr_post_std": 10.983838137737365,
  "cda_pre": 99.82901705659117,
  "cda_pre_std": 0.0117954340245486,
  "cda_post": 99.49539180115933,
  "cda_post_std": 0.19974027298599525,
  "wla_weights": [
    0.03866872315605482,
    0.041059701393047966,
    0.04361097887158394,
    0.05526580040653547,
    0.1012343242764473,
    0.06453186894456546,
    0.11572675903638203,
    0.10328873495260875,
    0.08906447763244311,
    0.12431932985782623,
    0.1179542417327563,
    0.10527505228916804
  ],
  "nc": {
    "target_class": 0,
    "anomaly_index": 3.145943444041587,
    "flagged": true
  },
  "dataset": "gtsrb",
  "attack": "blend",
  "backbone": "vit_tiny_patch16_224",
  "tag": "gtsrb_blend_vit",
  "seeds": [
    42,
    43,
    44
  ],
  "config": {
    "dataset": "gtsrb",
    "attack": "blend",
    "backbone": "vit_tiny_patch16_224",
    "tag": "gtsrb_blend_vit",
    "img_size": 224,
    "num_layers": 12,
    "num_features": 7,
    "num_classes": 43,
    "data_root": "data",
    "tinyimagenet_root": "data/tiny-imagenet-200",
    "pretrained": true,
    "poison_rate": 0.1,
    "target_class": 0,
    "trigger_size": 22,
    "blend_alpha": 0.2,
    "ss_epsilon": 0.1,
    "epochs": 8,
    "lr": 0.0001,
    "weight_decay": 0.0001,
    "batch_size": 64,
    "num_workers": 8,
    "train_cap": 0,
    "save_checkpoints": true,
    "load_checkpoints": true,
    "checkpoint_dir": "checkpoints",
    "train_ratio": 0.56,
    "val_ratio": 0.14,
    "test_ratio": 0.3,
    "detector_samples": 2000,
    "hist_bins": 20,
    "wla_temperature": 0.5,
    "ensemble_xgb_weight": 0.6,
    "xgb_estimators": 300,
    "xgb_depth": 6,
    "xgb_lr": 0.05,
    "strip_overlays": 8,
    "nc_steps": 200,
    "nc_lambda": 0.001,
    "nc_max_classes": 0,
    "abl_isolation_rate": 0.1,
    "abl_gamma": 0.2,
    "mitigation_lambda": 0.01,
    "mitigation_layers": [
      4,
      5,
      6,
      7
    ],
    "mitigation_epochs": 2,
    "asr_gate": "warn",
    "asr_gate_threshold": 80.0,
    "seed": 42,
    "seeds": [
      42,
      43,
      44
    ],
    "output_dir": "results",
    "figures_dir": "paper/figures",
    "device": "auto"
  },
  "feature_correlation": {
    "entropy": 0.3583367563438336,
    "variance": 0.37806727492083775,
    "concentration": 0.31462864013573194,
    "sparsity": 0.2707543952868014,
    "energy": 0.37806727360623965,
    "kl_div": 0.3583367662840052,
    "drift": 0.26740240970534385
  }
}