{
  "detectors": {
    "xu": {
      "method": "Xu et al. (final-layer hist)",
      "acc": 97.48333333333333,
      "acc_std": 0.08498365855987956,
      "f1": 97.47791238934805,
      "f1_std": 0.08388725309366132,
      "auc": 0.9855779599867059,
      "auc_std": 0.00043903884994423315,
      "pre": 98.38182685954989,
      "pre_std": 0.14123463738854655,
      "rec": 96.59053293611389,
      "rec_std": 0.04681276273992592
    },
    "single_layer": {
      "method": "Single-layer (last)",
      "acc": 97.31666666666666,
      "acc_std": 0.20548046676563317,
      "f1": 97.31785005375058,
      "f1_std": 0.19504326024637395,
      "auc": 0.9860526499131791,
      "auc_std": 0.0022507792751501497,
      "pre": 97.9910317547194,
      "pre_std": 0.5749300221601812,
      "rec": 96.65673618007283,
      "rec_std": 0.18725105095969027
    },
    "mlaf_bd": {
      "method": "MLAF-BD (full)",
      "acc": 97.5,
      "acc_std": 0.1779513042005224,
      "f1": 97.5271631587978,
      "f1_std": 0.1765857807205744,
      "auc": 0.9975208785230477,
      "auc_std": 0.0003845245850514769,
      "pre": 97.14318934060238,
      "pre_std": 0.2085710754257653,
      "rec": 97.91459781529295,
      "rec_std": 0.24324625052464519
    },
    "no_drift": {
      "method": "w/o Attention Drift",
      "acc": 97.41666666666667,
      "acc_std": 0.3274480450731407,
      "f1": 97.44311241645447,
      "f1_std": 0.3141718341383865,
      "auc": 0.9972988676445146,
      "auc_std": 0.00046105404393744734,
      "pre": 97.17768215598339,
      "pre_std": 0.7996652531443154,
      "rec": 97.7159880834161,
      "rec_std": 0.3715647851811261
    },
    "strip": {
      "method": "STRIP",
      "acc": 96.26666666666667,
      "acc_std": 0.3704351795148799,
      "f1": 96.2029369678329,
      "f1_std": 0.39447726158220553,
      "auc": 0.9752814554579841,
      "auc_std": 0.0019691067847213612,
      "pre": 98.54270677443925,
      "pre_std": 0.07439672165714932,
      "rec": 93.97550479973519,
      "rec_std": 0.7999368403571454
    },
    "neural_cleanse": {
      "method": "Neural Cleanse (per-sample)",
      "acc": 68.75,
      "acc_std": 20.82430471028185,
      "f1": 78.4784436264463,
      "f1_std": 13.937575413683442,
      "auc": 0.9613491061061993,
      "auc_std": 0.02820997588486047,
      "pre": 68.01310292486637,
      "pre_std": 22.25775312607481,
      "rec": 98.87454485269778,
      "rec_std": 1.3815714501628058
    },
    "abl": {
      "method": "ABL (per-sample)",
      "acc": 98.21666666666665,
      "acc_std": 0.11785113019775792,
      "f1": 98.19996491915089,
      "f1_std": 0.12208255630770715,
      "auc": 0.9921831169727318,
      "auc_std": 0.0005001206633328705,
      "pre": 99.82916354504111,
      "pre_std": 0.0479020094674136,
      "rec": 96.62363455809334,
      "rec_std": 0.2808765764395354
    }
  },
  "ablation": {
    "A_last": {
      "acc": 97.31666666666666,
      "acc_std": 0.20548046676563317,
      "f1": 97.31785005375058,
      "f1_std": 0.19504326024637395,
      "auc": 0.9860526499131791,
      "auc_std": 0.0022507792751501497
    },
    "B_first_last": {
      "acc": 97.3,
      "acc_std": 0.28577380332470775,
      "f1": 97.31069869513873,
      "f1_std": 0.27542321409586784,
      "auc": 0.9902125204135004,
      "auc_std": 0.0018291207000966834
    },
    "C_concat_xgb": {
      "acc": 97.7,
      "acc_std": 0.10801234497346478,
      "f1": 97.71595482833106,
      "f1_std": 0.10799377765696776,
      "auc": 0.9975102113336888,
      "auc_std": 0.0002956993816053715
    },
    "D_wla_xgb": {
      "acc": 97.71666666666665,
      "acc_std": 0.2054804667656324,
      "f1": 97.7109671301384,
      "f1_std": 0.20596422482835292,
      "auc": 0.9908725527550849,
      "auc_std": 0.002139775072790383
    },
    "E_full": {
      "acc": 97.5,
      "acc_std": 0.1779513042005224,
      "f1": 97.5271631587978,
      "f1_std": 0.1765857807205744,
      "auc": 0.9975208785230477,
      "auc_std": 0.0003845245850514769
    },
    "F_no_drift": {
      "acc": 97.41666666666667,
      "acc_std": 0.3274480450731407,
      "f1": 97.44311241645447,
      "f1_std": 0.3141718341383865,
      "auc": 0.9972988676445146,
      "auc_std": 0.00046105404393744734
    },
    "G_no_entropy": {
      "acc": 97.63333333333334,
      "acc_std": 0.39228674319799567,
      "f1": 97.65534730802405,
      "f1_std": 0.3837109287977542,
      "auc": 0.9974878769059684,
      "auc_std": 0.0003229564798905315
    },
    "H_no_kl": {
      "acc": 97.66666666666667,
      "acc_std": 0.30641293851417045,
      "f1": 97.6880389181153,
      "f1_std": 0.2997340840572272,
      "auc": 0.9975055444383442,
      "auc_std": 0.00029992171879319644
    },
    "I_no_variance": {
      "acc": 97.51666666666665,
      "acc_std": 0.15456030825826367,
      "f1": 97.54086998595847,
      "f1_std": 0.15269923238369326,
      "auc": 0.997481209912619,
      "auc_std": 0.0003667097860987953
    }
  },
  "asr_pre": 96.86373165618448,
  "asr_pre_std": 0.21963607301818244,
  "asr_post": 96.46121593291404,
  "asr_post_std": 0.18638248025905926,
  "cda_pre": 99.73727011134743,
  "cda_pre_std": 0.0,
  "cda_post": 99.07418991617665,
  "cda_post_std": 0.4817391577027731,
  "wla_weights": [
    0.022686922922730446,
    0.043723978102207184,
    0.05663588767250379,
    0.10249979794025421,
    0.049706933399041496,
    0.10900670786698659,
    0.06765847777326901,
    0.08759831016262372,
    0.1028820921977361,
    0.11320671687523524,
    0.12022679050763448,
    0.12416737526655197
  ],
  "nc": {
    "target_class": 0,
    "anomaly_index": 1.9203232983486194,
    "flagged": false
  },
  "dataset": "gtsrb",
  "attack": "badnets",
  "backbone": "vit_tiny_patch16_224",
  "tag": "gtsrb_badnets_vit",
  "seeds": [
    42,
    43,
    44
  ],
  "config": {
    "dataset": "gtsrb",
    "attack": "badnets",
    "backbone": "vit_tiny_patch16_224",
    "tag": "gtsrb_badnets_vit",
    "img_size": 224,
    "num_layers": 12,
    "num_features": 7,
    "num_classes": 43,
    "data_root": "data",
    "tinyimagenet_root": "data/tiny-imagenet-200",
    "pretrained": true,
    "poison_rate": 0.1,
    "target_class": 0,
    "trigger_size": 22,
    "blend_alpha": 0.2,
    "ss_epsilon": 0.1,
    "epochs": 8,
    "lr": 0.0001,
    "weight_decay": 0.0001,
    "batch_size": 64,
    "num_workers": 4,
    "train_cap": 0,
    "save_checkpoints": false,
    "load_checkpoints": false,
    "checkpoint_dir": "checkpoints",
    "train_ratio": 0.56,
    "val_ratio": 0.14,
    "test_ratio": 0.3,
    "detector_samples": 2000,
    "hist_bins": 20,
    "wla_temperature": 0.5,
    "ensemble_xgb_weight": 0.6,
    "xgb_estimators": 300,
    "xgb_depth": 6,
    "xgb_lr": 0.05,
    "strip_overlays": 8,
    "nc_steps": 200,
    "nc_lambda": 0.001,
    "nc_max_classes": 12,
    "abl_isolation_rate": 0.1,
    "abl_gamma": 0.2,
    "mitigation_lambda": 0.01,
    "mitigation_layers": [
      4,
      5,
      6,
      7
    ],
    "mitigation_epochs": 2,
    "asr_gate": "warn",
    "asr_gate_threshold": 80.0,
    "seed": 42,
    "seeds": [
      42,
      43,
      44
    ],
    "output_dir": "results",
    "figures_dir": "paper/figures",
    "device": "auto"
  },
  "feature_correlation": {
    "entropy": 0.6790813485042698,
    "variance": 0.6844669467615047,
    "concentration": 0.7378854745184912,
    "sparsity": 0.4727916125712109,
    "energy": 0.684466946794967,
    "kl_div": 0.6790813326543672,
    "drift": 0.38212585009513894
  }
}