{
  "detectors": {
    "xu": {
      "method": "Xu et al. (final-layer hist)",
      "acc": 92.78333333333335,
      "acc_std": 1.231755747793459,
      "f1": 92.87282537629528,
      "f1_std": 1.242748669059432,
      "auc": 0.9802456987059033,
      "auc_std": 0.0052720580446252345,
      "pre": 92.30940580761154,
      "pre_std": 0.9343225484593282,
      "rec": 93.44587884806356,
      "rec_std": 1.578499704411303
    },
    "single_layer": {
      "method": "Single-layer (last)",
      "acc": 96.3,
      "acc_std": 0.14142135623730817,
      "f1": 96.33080647608664,
      "f1_std": 0.13348355975734935,
      "auc": 0.9916775922020179,
      "auc_std": 0.0028034127134325968,
      "pre": 96.20563095322261,
      "pre_std": 0.3856591382551387,
      "rec": 96.45812644819597,
      "rec_std": 0.2477098567874178
    },
    "mlaf_bd": {
      "method": "MLAF-BD (full)",
      "acc": 99.25,
      "acc_std": 0.07071067811865743,
      "f1": 99.26050871347718,
      "f1_std": 0.06940283316228454,
      "auc": 0.9999083288414465,
      "auc_std": 6.875089400182452e-05,
      "pre": 98.56410497712604,
      "pre_std": 0.12051119014699314,
      "rec": 99.96689837802052,
      "rec_std": 0.04681276273992592
    },
    "no_drift": {
      "method": "w/o Attention Drift",
      "acc": 98.93333333333334,
      "acc_std": 0.2656229575084896,
      "f1": 98.95194306986566,
      "f1_std": 0.25790534865735404,
      "auc": 0.9997906564088307,
      "auc_std": 0.00020318858591315722,
      "pre": 97.99093974397964,
      "pre_std": 0.5457365090420161,
      "rec": 99.93379675604103,
      "rec_std": 0.04681276273992592
    },
    "strip": {
      "method": "STRIP",
      "acc": 52.48333333333333,
      "acc_std": 2.381992629898105,
      "f1": 67.38792091116399,
      "f1_std": 0.9014536242448564,
      "auc": 0.5376553451119105,
      "auc_std": 0.02145242829649669,
      "pre": 51.53615644274128,
      "pre_std": 1.3417645860264669,
      "rec": 97.4180734856008,
      "rec_std": 1.4862591407245045
    },
    "neural_cleanse": {
      "method": "Neural Cleanse (per-sample)",
      "acc": 99.8,
      "acc_std": 0.0,
      "f1": 99.8017839444995,
      "f1_std": 0.0,
      "auc": 0.9999053286944394,
      "auc_std": 1.0625438946829387e-05,
      "pre": 99.60435212660734,
      "pre_std": 1.4210854715202004e-14,
      "rec": 100.0,
      "rec_std": 0.0
    },
    "abl": {
      "method": "ABL (per-sample)",
      "acc": 99.56666666666666,
      "acc_std": 0.09428090415820768,
      "f1": 99.56882222551394,
      "f1_std": 0.09381294788779547,
      "auc": 0.9953411050474807,
      "auc_std": 0.00042654900340114945,
      "pre": 99.76749631754764,
      "pre_std": 0.12396023851697405,
      "rec": 99.37106918238995,
      "rec_std": 0.12385492839370829
    }
  },
  "ablation": {
    "A_last": {
      "acc": 96.3,
      "acc_std": 0.14142135623730817,
      "f1": 96.33080647608664,
      "f1_std": 0.13348355975734935,
      "auc": 0.9916775922020179,
      "auc_std": 0.0028034127134325968
    },
    "B_first_last": {
      "acc": 96.53333333333335,
      "acc_std": 0.6956212251569743,
      "f1": 96.56780357824732,
      "f1_std": 0.685432558035634,
      "auc": 0.9944997304867939,
      "auc_std": 0.001824091025196337
    },
    "C_concat_xgb": {
      "acc": 99.21666666666668,
      "acc_std": 0.1433720877840417,
      "f1": 99.22653082440603,
      "f1_std": 0.14052657722780504,
      "auc": 0.9998453257542952,
      "auc_std": 3.78641790393844e-05
    },
    "D_wla_xgb": {
      "acc": 92.33333333333333,
      "acc_std": 2.145667469317857,
      "f1": 92.30735647931778,
      "f1_std": 2.162719372956319,
      "auc": 0.9765121824302724,
      "auc_std": 0.009022444550581958
    },
    "E_full": {
      "acc": 99.25,
      "acc_std": 0.07071067811865743,
      "f1": 99.26050871347718,
      "f1_std": 0.06940283316228454,
      "auc": 0.9999083288414465,
      "auc_std": 6.875089400182452e-05
    },
    "F_no_drift": {
      "acc": 98.93333333333334,
      "acc_std": 0.2656229575084896,
      "f1": 98.95194306986566,
      "f1_std": 0.25790534865735404,
      "auc": 0.9997906564088307,
      "auc_std": 0.00020318858591315722
    },
    "G_no_entropy": {
      "acc": 99.23333333333333,
      "acc_std": 0.10274023338282197,
      "f1": 99.24430582866444,
      "f1_std": 0.10022621776202677,
      "auc": 0.9999006617990949,
      "auc_std": 6.992878353881693e-05
    },
    "H_no_kl": {
      "acc": 99.14999999999999,
      "acc_std": 0.10801234497346478,
      "f1": 99.16276341929445,
      "f1_std": 0.10585483785474667,
      "auc": 0.9999016618480971,
      "auc_std": 6.431661995009588e-05
    },
    "I_no_variance": {
      "acc": 99.18333333333334,
      "acc_std": 0.16996731711976099,
      "f1": 99.1955690722341,
      "f1_std": 0.16584024100751826,
      "auc": 0.9999013284984297,
      "auc_std": 7.516720862651822e-05
    }
  },
  "asr_pre": 99.76939203354299,
  "asr_pre_std": 0.1439077761151414,
  "asr_post": 84.12578616352202,
  "asr_post_std": 3.2924433191231013,
  "cda_pre": 99.89991242337044,
  "cda_pre_std": 0.04086058205568383,
  "cda_post": 99.77063263689062,
  "cda_post_std": 0.06567419720598779,
  "wla_weights": [
    0.04498379801710447,
    0.04039164260029793,
    0.04136930654446284,
    0.04228994622826576,
    0.09178352604309718,
    0.10623090341687202,
    0.0999325489004453,
    0.11911370853583018,
    0.09938875585794449,
    0.13359553863604864,
    0.06995357821385066,
    0.11096674700578053
  ],
  "nc": {
    "target_class": 0,
    "anomaly_index": 6.9205307843933275,
    "flagged": true
  },
  "dataset": "gtsrb",
  "attack": "blend",
  "backbone": "deit_small_patch16_224",
  "tag": "gtsrb_blend_deit",
  "seeds": [
    42,
    43,
    44
  ],
  "config": {
    "dataset": "gtsrb",
    "attack": "blend",
    "backbone": "deit_small_patch16_224",
    "tag": "gtsrb_blend_deit",
    "img_size": 224,
    "num_layers": 12,
    "num_features": 7,
    "num_classes": 43,
    "data_root": "data",
    "tinyimagenet_root": "data/tiny-imagenet-200",
    "pretrained": true,
    "poison_rate": 0.1,
    "target_class": 0,
    "trigger_size": 22,
    "blend_alpha": 0.2,
    "ss_epsilon": 0.1,
    "epochs": 8,
    "lr": 0.0001,
    "weight_decay": 0.0001,
    "batch_size": 64,
    "num_workers": 8,
    "train_cap": 0,
    "save_checkpoints": true,
    "load_checkpoints": true,
    "checkpoint_dir": "checkpoints",
    "train_ratio": 0.56,
    "val_ratio": 0.14,
    "test_ratio": 0.3,
    "detector_samples": 2000,
    "hist_bins": 20,
    "wla_temperature": 0.5,
    "ensemble_xgb_weight": 0.6,
    "xgb_estimators": 300,
    "xgb_depth": 6,
    "xgb_lr": 0.05,
    "strip_overlays": 8,
    "nc_steps": 200,
    "nc_lambda": 0.001,
    "nc_max_classes": 0,
    "abl_isolation_rate": 0.1,
    "abl_gamma": 0.2,
    "mitigation_lambda": 0.01,
    "mitigation_layers": [
      4,
      5,
      6,
      7
    ],
    "mitigation_epochs": 2,
    "asr_gate": "warn",
    "asr_gate_threshold": 80.0,
    "seed": 42,
    "seeds": [
      42,
      43,
      44
    ],
    "output_dir": "results",
    "figures_dir": "paper/figures",
    "device": "auto"
  },
  "feature_correlation": {
    "entropy": 0.38279151355558066,
    "variance": 0.39384570336608743,
    "concentration": 0.405507286915818,
    "sparsity": 0.3419067547939514,
    "energy": 0.393845702637309,
    "kl_div": 0.3827915086317924,
    "drift": 0.49309826133056983
  }
}