{
  "detectors": {
    "xu": {
      "method": "Xu et al. (final-layer hist)",
      "acc": 93.53333333333335,
      "acc_std": 0.802426874480713,
      "f1": 93.62190414799994,
      "f1_std": 0.8268686753228923,
      "auc": 0.9838048731054488,
      "auc_std": 0.0034270135415589115,
      "pre": 92.92539875064148,
      "pre_std": 0.5077257023652342,
      "rec": 94.33962264150944,
      "rec_std": 1.4594775031478713
    },
    "single_layer": {
      "method": "Single-layer (last)",
      "acc": 95.81666666666666,
      "acc_std": 0.271825107171664,
      "f1": 95.83829308142974,
      "f1_std": 0.2685463399856272,
      "auc": 0.990468532958115,
      "auc_std": 0.001240993522410455,
      "pre": 96.01367559386232,
      "pre_std": 0.3209404999486372,
      "rec": 95.66368752068853,
      "rec_std": 0.2340638136996162
    },
    "mlaf_bd": {
      "method": "MLAF-BD (full)",
      "acc": 99.05,
      "acc_std": 0.17795130420051838,
      "f1": 99.06389840067463,
      "f1_std": 0.17386317766882398,
      "auc": 0.9998656600840108,
      "auc_std": 6.566057711489407e-05,
      "pre": 98.33800529949353,
      "pre_std": 0.3599817625843544,
      "rec": 99.80139026812314,
      "rec_std": 0.08108208350821314
    },
    "no_drift": {
      "method": "w/o Attention Drift",
      "acc": 99.18333333333334,
      "acc_std": 0.23570226039551584,
      "f1": 99.19384598875871,
      "f1_std": 0.22993641902401332,
      "auc": 0.999762988386431,
      "auc_std": 0.00012994737967977438,
      "pre": 98.69256500571412,
      "pre_std": 0.5242919144533617,
      "rec": 99.70208540218471,
      "rec_std": 0.08108208350821314
    },
    "strip": {
      "method": "STRIP",
      "acc": 57.73333333333333,
      "acc_std": 4.4911641648414,
      "f1": 68.35225981382253,
      "f1_std": 1.0079827882948265,
      "auc": 0.6869459936870239,
      "auc_std": 0.04699014025057616,
      "pre": 55.32749856784833,
      "pre_std": 3.667429634963457,
      "rec": 90.33432638199271,
      "rec_std": 5.700210795882141
    },
    "neural_cleanse": {
      "method": "Neural Cleanse (per-sample)",
      "acc": 68.5,
      "acc_std": 22.097171764730437,
      "f1": 78.65750230644025,
      "f1_std": 14.9159767418766,
      "auc": 0.8925744028124045,
      "auc_std": 0.07704673016705571,
      "pre": 67.67090793938767,
      "pre_std": 22.64969605532905,
      "rec": 99.90069513406156,
      "rec_std": 0.08108208350821894
    },
    "abl": {
      "method": "ABL (per-sample)",
      "acc": 99.60000000000001,
      "acc_std": 0.04082482904638398,
      "f1": 99.60146128655947,
      "f1_std": 0.04068254812827848,
      "auc": 0.9951520957860268,
      "auc_std": 8.83873358816467e-05,
      "pre": 99.93336663336663,
      "pre_std": 0.047116923050921564,
      "rec": 99.27176431645152,
      "rec_std": 0.04681276273992592
    }
  },
  "ablation": {
    "A_last": {
      "acc": 95.81666666666666,
      "acc_std": 0.271825107171664,
      "f1": 95.83829308142974,
      "f1_std": 0.2685463399856272,
      "auc": 0.990468532958115,
      "auc_std": 0.001240993522410455
    },
    "B_first_last": {
      "acc": 96.85000000000001,
      "acc_std": 0.9416297927883702,
      "f1": 96.90213938180518,
      "f1_std": 0.9104888728182782,
      "auc": 0.9957351243544267,
      "auc_std": 0.0013769630937990748
    },
    "C_concat_xgb": {
      "acc": 99.14999999999999,
      "acc_std": 0.28284271247462306,
      "f1": 99.16029282774939,
      "f1_std": 0.2776195144635476,
      "auc": 0.9996579832411788,
      "auc_std": 0.00020578180148156372
    },
    "D_wla_xgb": {
      "acc": 91.13333333333333,
      "acc_std": 1.4167647024902281,
      "f1": 91.10989609708872,
      "f1_std": 1.4323484896283203,
      "auc": 0.9722083048736053,
      "auc_std": 0.005752643095182681
    },
    "E_full": {
      "acc": 99.05,
      "acc_std": 0.17795130420051838,
      "f1": 99.06389840067463,
      "f1_std": 0.17386317766882398,
      "auc": 0.9998656600840108,
      "auc_std": 6.566057711489407e-05
    },
    "F_no_drift": {
      "acc": 99.18333333333334,
      "acc_std": 0.23570226039551584,
      "f1": 99.19384598875871,
      "f1_std": 0.22993641902401332,
      "auc": 0.999762988386431,
      "auc_std": 0.00012994737967977438
    },
    "G_no_entropy": {
      "acc": 99.06666666666668,
      "acc_std": 0.2718251071716661,
      "f1": 99.08055177871063,
      "f1_std": 0.26609097940335913,
      "auc": 0.9998883278613985,
      "auc_std": 3.42004412314874e-05
    },
    "H_no_kl": {
      "acc": 99.03333333333335,
      "acc_std": 0.19293061504649933,
      "f1": 99.04769555261338,
      "f1_std": 0.18833176560943934,
      "auc": 0.999903661946102,
      "auc_std": 1.3671401001598272e-05
    },
    "I_no_variance": {
      "acc": 99.18333333333334,
      "acc_std": 0.2094967514996083,
      "f1": 99.19425816024942,
      "f1_std": 0.20547860490255834,
      "auc": 0.9998493259503048,
      "auc_std": 9.305054571774019e-05
    }
  },
  "asr_pre": 99.55136268343814,
  "asr_pre_std": 0.12923299796580817,
  "asr_post": 95.0314465408805,
  "asr_post_std": 3.3843725112939214,
  "cda_pre": 99.92076400183494,
  "cda_pre_std": 0.031207785035019007,
  "cda_post": 99.51207306393094,
  "cda_post_std": 0.5044875554524163,
  "wla_weights": [
    0.04028410464525223,
    0.04393944516777992,
    0.08731491615374883,
    0.0775376409292221,
    0.06825306887427966,
    0.09683214873075485,
    0.1444189747174581,
    0.1079644188284874,
    0.07360268880923589,
    0.10651742418607076,
    0.06547453254461288,
    0.08786063144604365
  ],
  "nc": {
    "target_class": 0,
    "anomaly_index": 3.060370861764586,
    "flagged": true
  },
  "dataset": "gtsrb",
  "attack": "samplespecific",
  "backbone": "deit_small_patch16_224",
  "tag": "gtsrb_samplespecific_deit",
  "seeds": [
    42,
    43,
    44
  ],
  "config": {
    "dataset": "gtsrb",
    "attack": "samplespecific",
    "backbone": "deit_small_patch16_224",
    "tag": "gtsrb_samplespecific_deit",
    "img_size": 224,
    "num_layers": 12,
    "num_features": 7,
    "num_classes": 43,
    "data_root": "data",
    "tinyimagenet_root": "data/tiny-imagenet-200",
    "pretrained": true,
    "poison_rate": 0.1,
    "target_class": 0,
    "trigger_size": 22,
    "blend_alpha": 0.2,
    "ss_epsilon": 0.1,
    "epochs": 8,
    "lr": 0.0001,
    "weight_decay": 0.0001,
    "batch_size": 64,
    "num_workers": 8,
    "train_cap": 0,
    "save_checkpoints": true,
    "load_checkpoints": true,
    "checkpoint_dir": "checkpoints",
    "train_ratio": 0.56,
    "val_ratio": 0.14,
    "test_ratio": 0.3,
    "detector_samples": 2000,
    "hist_bins": 20,
    "wla_temperature": 0.5,
    "ensemble_xgb_weight": 0.6,
    "xgb_estimators": 300,
    "xgb_depth": 6,
    "xgb_lr": 0.05,
    "strip_overlays": 8,
    "nc_steps": 200,
    "nc_lambda": 0.001,
    "nc_max_classes": 0,
    "abl_isolation_rate": 0.1,
    "abl_gamma": 0.2,
    "mitigation_lambda": 0.01,
    "mitigation_layers": [
      4,
      5,
      6,
      7
    ],
    "mitigation_epochs": 2,
    "asr_gate": "warn",
    "asr_gate_threshold": 80.0,
    "seed": 42,
    "seeds": [
      42,
      43,
      44
    ],
    "output_dir": "results",
    "figures_dir": "paper/figures",
    "device": "auto"
  },
  "feature_correlation": {
    "entropy": 0.38388319979825414,
    "variance": 0.31798700070925084,
    "concentration": 0.31966334620106696,
    "sparsity": 0.40069312927321393,
    "energy": 0.31798700074661307,
    "kl_div": 0.3838832111858577,
    "drift": 0.3429908962083372
  }
}