{
  "detectors": {
    "xu": {
      "method": "Xu et al. (final-layer hist)",
      "acc": 97.7,
      "acc_std": 0.43011626335213,
      "f1": 97.68986634675373,
      "f1_std": 0.4373892116380911,
      "auc": 0.988098083472757,
      "auc_std": 0.0014047188073919637,
      "pre": 98.78301001724708,
      "pre_std": 0.40849613414534436,
      "rec": 96.62363455809334,
      "rec_std": 0.7068572162880671
    },
    "single_layer": {
      "method": "Single-layer (last)",
      "acc": 97.90000000000002,
      "acc_std": 0.17795130420052505,
      "f1": 97.8940190131553,
      "f1_std": 0.18217016415259366,
      "auc": 0.9895668221076166,
      "auc_std": 0.0011985509994046754,
      "pre": 98.85472691588056,
      "pre_std": 0.32775209067970373,
      "rec": 96.9546507778881,
      "rec_std": 0.4887395915337162
    },
    "mlaf_bd": {
      "method": "MLAF-BD (full)",
      "acc": 98.13333333333333,
      "acc_std": 0.10274023338281657,
      "f1": 98.14505910389624,
      "f1_std": 0.10250413492497186,
      "auc": 0.9977855581590166,
      "auc_std": 0.0010772870028005943,
      "pre": 98.21010916260315,
      "pre_std": 0.08193108881003147,
      "rec": 98.08010592519032,
      "rec_std": 0.12385492839370829
    },
    "no_drift": {
      "method": "w/o Attention Drift",
      "acc": 98.03333333333332,
      "acc_std": 0.33993463423951914,
      "f1": 98.05076585116308,
      "f1_std": 0.33390513472611305,
      "auc": 0.9978422276024858,
      "auc_std": 0.001132635542915811,
      "pre": 97.8906097175556,
      "pre_std": 0.5161505877187396,
      "rec": 98.21251241310824,
      "rec_std": 0.24324625052464519
    },
    "strip": {
      "method": "STRIP",
      "acc": 96.8,
      "acc_std": 0.29439202887759586,
      "f1": 96.74391488099782,
      "f1_std": 0.3071204543111543,
      "auc": 0.9757184768720334,
      "auc_std": 0.0024151504792656567,
      "pre": 99.1655598211603,
      "pre_std": 0.08706543437762576,
      "rec": 94.43892750744787,
      "rec_std": 0.5316907780274428
    },
    "neural_cleanse": {
      "method": "Neural Cleanse (per-sample)",
      "acc": 98.56666666666668,
      "acc_std": 0.06236095644623388,
      "f1": 98.56277125877943,
      "f1_std": 0.0639298973895315,
      "auc": 0.9990256189219938,
      "auc_std": 0.0003517191282074612,
      "pre": 99.52759508329906,
      "pre_std": 0.04689261570383258,
      "rec": 97.61668321747766,
      "rec_std": 0.16216416701642627
    },
    "abl": {
      "method": "ABL (per-sample)",
      "acc": 98.45,
      "acc_std": 0.04082482904638398,
      "f1": 98.43980605659921,
      "f1_std": 0.043015316845252116,
      "auc": 0.9939598707003311,
      "auc_std": 0.0003200027458453687,
      "pre": 99.79612534087147,
      "pre_std": 0.08280678514384976,
      "rec": 97.12015888778551,
      "rec_std": 0.16216416701643208
    }
  },
  "ablation": {
    "A_last": {
      "acc": 97.90000000000002,
      "acc_std": 0.17795130420052505,
      "f1": 97.8940190131553,
      "f1_std": 0.18217016415259366,
      "auc": 0.9895668221076166,
      "auc_std": 0.0011985509994046754
    },
    "B_first_last": {
      "acc": 97.76666666666667,
      "acc_std": 0.45886332993120343,
      "f1": 97.78007320721235,
      "f1_std": 0.44837169673189303,
      "auc": 0.9954341096047039,
      "auc_std": 0.0016670230614902375
    },
    "C_concat_xgb": {
      "acc": 98.18333333333334,
      "acc_std": 0.10274023338281658,
      "f1": 98.18915157379786,
      "f1_std": 0.10095473089459045,
      "auc": 0.9977985587960477,
      "auc_std": 0.0011161363284746318
    },
    "D_wla_xgb": {
      "acc": 97.66666666666667,
      "acc_std": 0.7133644853010896,
      "f1": 97.65658950710717,
      "f1_std": 0.7159990257820666,
      "auc": 0.9890811316421172,
      "auc_std": 0.0012820119422073525
    },
    "E_full": {
      "acc": 98.13333333333333,
      "acc_std": 0.10274023338281657,
      "f1": 98.14505910389624,
      "f1_std": 0.10250413492497186,
      "auc": 0.9977855581590166,
      "auc_std": 0.0010772870028005943
    },
    "F_no_drift": {
      "acc": 98.03333333333332,
      "acc_std": 0.33993463423951914,
      "f1": 98.05076585116308,
      "f1_std": 0.33390513472611305,
      "auc": 0.9978422276024858,
      "auc_std": 0.001132635542915811
    },
    "G_no_entropy": {
      "acc": 98.11666666666667,
      "acc_std": 0.12472191289246395,
      "f1": 98.12757767368066,
      "f1_std": 0.12420542820396344,
      "auc": 0.9978848963599217,
      "auc_std": 0.0009926838548006
    },
    "H_no_kl": {
      "acc": 98.18333333333334,
      "acc_std": 0.11785113019776462,
      "f1": 98.19028683568831,
      "f1_std": 0.1170946218325284,
      "auc": 0.9979182313266683,
      "auc_std": 0.0009317968170033557
    },
    "I_no_variance": {
      "acc": 98.23333333333333,
      "acc_std": 0.23921166824012827,
      "f1": 98.23819304352601,
      "f1_std": 0.24167622689432133,
      "auc": 0.9978095593350741,
      "auc_std": 0.0010442811359336014
    }
  },
  "asr_pre": 97.15303983228512,
  "asr_pre_std": 0.048536003785282236,
  "asr_post": 96.00838574423479,
  "asr_post_std": 0.8376724709144794,
  "cda_pre": 99.88740147629176,
  "cda_pre_std": 0.03683123093676675,
  "cda_post": 99.54960590516703,
  "cda_post_std": 0.08361456964745882,
  "wla_weights": [
    0.025603884210189182,
    0.036991819739341736,
    0.058651248613993325,
    0.1536121964454651,
    0.08640749255816142,
    0.06172883262236913,
    0.1085464209318161,
    0.07195571064949036,
    0.08202888692418735,
    0.0755113239089648,
    0.1148687054713567,
    0.12409347792466481
  ],
  "nc": {
    "target_class": 0,
    "anomaly_index": 2.3270673408381803,
    "flagged": true
  },
  "dataset": "gtsrb",
  "attack": "badnets",
  "backbone": "deit_small_patch16_224",
  "tag": "gtsrb_badnets_deit",
  "seeds": [
    42,
    43,
    44
  ],
  "config": {
    "dataset": "gtsrb",
    "attack": "badnets",
    "backbone": "deit_small_patch16_224",
    "tag": "gtsrb_badnets_deit",
    "img_size": 224,
    "num_layers": 12,
    "num_features": 7,
    "num_classes": 43,
    "data_root": "data",
    "tinyimagenet_root": "data/tiny-imagenet-200",
    "pretrained": true,
    "poison_rate": 0.1,
    "target_class": 0,
    "trigger_size": 22,
    "blend_alpha": 0.2,
    "ss_epsilon": 0.1,
    "epochs": 8,
    "lr": 0.0001,
    "weight_decay": 0.0001,
    "batch_size": 64,
    "num_workers": 8,
    "train_cap": 0,
    "save_checkpoints": true,
    "load_checkpoints": true,
    "checkpoint_dir": "checkpoints",
    "train_ratio": 0.56,
    "val_ratio": 0.14,
    "test_ratio": 0.3,
    "detector_samples": 2000,
    "hist_bins": 20,
    "wla_temperature": 0.5,
    "ensemble_xgb_weight": 0.6,
    "xgb_estimators": 300,
    "xgb_depth": 6,
    "xgb_lr": 0.05,
    "strip_overlays": 8,
    "nc_steps": 200,
    "nc_lambda": 0.001,
    "nc_max_classes": 0,
    "abl_isolation_rate": 0.1,
    "abl_gamma": 0.2,
    "mitigation_lambda": 0.01,
    "mitigation_layers": [
      4,
      5,
      6,
      7
    ],
    "mitigation_epochs": 2,
    "asr_gate": "warn",
    "asr_gate_threshold": 80.0,
    "seed": 42,
    "seeds": [
      42,
      43,
      44
    ],
    "output_dir": "results",
    "figures_dir": "paper/figures",
    "device": "auto"
  },
  "feature_correlation": {
    "entropy": 0.5603971116599745,
    "variance": 0.5535772269576879,
    "concentration": 0.6746727841858404,
    "sparsity": 0.4671429955085455,
    "energy": 0.5535772261174743,
    "kl_div": 0.560397115039861,
    "drift": 0.527129742439927
  }
}