{
  "detectors": {
    "xu": {
      "method": "Xu et al. (final-layer hist)",
      "acc": 63.366666666666674,
      "acc_std": 2.3538384726984827,
      "f1": 63.357129933607574,
      "f1_std": 2.9047845781661015,
      "auc": 0.6963621217439654,
      "auc_std": 0.03063696785821642,
      "pre": 63.73223910864673,
      "pre_std": 1.940630610157225,
      "rec": 63.0254882489242,
      "rec_std": 3.919992411277711
    },
    "single_layer": {
      "method": "Single-layer (last)",
      "acc": 56.73333333333334,
      "acc_std": 1.8176602787344212,
      "f1": 57.20748607380136,
      "f1_std": 2.23224673003837,
      "auc": 0.6036414117625096,
      "auc_std": 0.02836418783932935,
      "pre": 56.97796688722729,
      "pre_std": 1.7700946018563661,
      "rec": 57.53061900033102,
      "rec_std": 3.5159470210595773
    },
    "mlaf_bd": {
      "method": "MLAF-BD (full)",
      "acc": 89.06666666666668,
      "acc_std": 4.983695639003475,
      "f1": 89.50552114923703,
      "f1_std": 4.897734162112154,
      "auc": 0.9653519689131435,
      "auc_std": 0.03315400190009631,
      "pre": 86.4293578105008,
      "pre_std": 4.593086778888751,
      "rec": 92.88315127441244,
      "rec_std": 5.853841923841144
    },
    "no_drift": {
      "method": "w/o Attention Drift",
      "acc": 88.88333333333333,
      "acc_std": 5.78638248150105,
      "f1": 89.17637714200241,
      "f1_std": 5.702042041552479,
      "auc": 0.9579099375869417,
      "auc_std": 0.04247255683741825,
      "pre": 87.19033368735454,
      "pre_std": 5.122059993347022,
      "rec": 91.26117179741807,
      "rec_std": 6.331155748360978
    },
    "strip": {
      "method": "STRIP",
      "acc": 50.349999999999994,
      "acc_std": 0.0,
      "f1": 66.97705354173596,
      "f1_std": 0.0,
      "auc": 0.5363582815557962,
      "auc_std": 0.03991691363470418,
      "pre": 50.349999999999994,
      "pre_std": 0.0,
      "rec": 100.0,
      "rec_std": 0.0
    },
    "neural_cleanse": {
      "method": "Neural Cleanse (per-sample)",
      "acc": 50.349999999999994,
      "acc_std": 0.0,
      "f1": 66.97705354173596,
      "f1_std": 0.0,
      "auc": 0.5274120098551495,
      "auc_std": 0.018364313887325862,
      "pre": 50.349999999999994,
      "pre_std": 0.0,
      "rec": 100.0,
      "rec_std": 0.0
    },
    "abl": {
      "method": "ABL (per-sample)",
      "acc": 50.31666666666666,
      "acc_std": 0.04714045207910384,
      "f1": 66.9328307628012,
      "f1_std": 0.06254045373536116,
      "auc": 0.5428080975967823,
      "auc_std": 0.09080498384333324,
      "pre": 50.333634236041455,
      "pre_std": 0.023144685348763357,
      "rec": 99.86759351208208,
      "rec_std": 0.18725105095969696
    }
  },
  "ablation": {
    "A_last": {
      "acc": 56.73333333333334,
      "acc_std": 1.8176602787344212,
      "f1": 57.20748607380136,
      "f1_std": 2.23224673003837,
      "auc": 0.6036414117625096,
      "auc_std": 0.02836418783932935
    },
    "B_first_last": {
      "acc": 65.25,
      "acc_std": 0.5115336417740992,
      "f1": 66.25665822803124,
      "f1_std": 0.3911216176246003,
      "auc": 0.7303584542309239,
      "auc_std": 0.011413607394039946
    },
    "C_concat_xgb": {
      "acc": 88.98333333333333,
      "acc_std": 6.290513139288043,
      "f1": 89.7617988425555,
      "f1_std": 5.552277099630291,
      "auc": 0.9630385222209222,
      "auc_std": 0.03680279662375019
    },
    "D_wla_xgb": {
      "acc": 78.78333333333332,
      "acc_std": 10.696520721971027,
      "f1": 79.37959237492929,
      "f1_std": 10.113454969700683,
      "auc": 0.8465634816105988,
      "auc_std": 0.10916096083015332
    },
    "E_full": {
      "acc": 89.06666666666668,
      "acc_std": 4.983695639003475,
      "f1": 89.50552114923703,
      "f1_std": 4.897734162112154,
      "auc": 0.9653519689131435,
      "auc_std": 0.03315400190009631
    },
    "F_no_drift": {
      "acc": 88.88333333333333,
      "acc_std": 5.78638248150105,
      "f1": 89.17637714200241,
      "f1_std": 5.702042041552479,
      "auc": 0.9579099375869417,
      "auc_std": 0.04247255683741825
    },
    "G_no_entropy": {
      "acc": 88.38333333333333,
      "acc_std": 6.097312704972754,
      "f1": 89.49894087397563,
      "f1_std": 5.053425274764905,
      "auc": 0.9663470176705324,
      "auc_std": 0.032084978719717855
    },
    "H_no_kl": {
      "acc": 89.0,
      "acc_std": 4.971921157862422,
      "f1": 89.2300274724817,
      "f1_std": 5.180429504859365,
      "auc": 0.9645632635999163,
      "auc_std": 0.03447668871476901
    },
    "I_no_variance": {
      "acc": 88.5,
      "acc_std": 5.987626129499623,
      "f1": 89.56236641788719,
      "f1_std": 5.049193505223222,
      "auc": 0.9662606801066586,
      "auc_std": 0.03223743819119184
    }
  },
  "asr_pre": 0.0041928721174004195,
  "asr_pre_std": 0.0059296166137236695,
  "asr_post": 0.0,
  "asr_post_std": 0.0,
  "cda_pre": 99.85820926644146,
  "cda_pre_std": 0.03120778503502534,
  "cda_post": 99.73727011134743,
  "cda_post_std": 0.16054361361958328,
  "wla_weights": [
    0.06642443190018336,
    0.09509912878274918,
    0.07204442967971166,
    0.13605807721614838,
    0.09291583051284154,
    0.07667652269204457,
    0.06928147623936336,
    0.0840210144718488,
    0.08273439854383469,
    0.0811198279261589,
    0.0738492285211881,
    0.06977563599745433
  ],
  "nc": {
    "target_class": 2,
    "anomaly_index": 2.781625790279524,
    "flagged": true
  },
  "dataset": "gtsrb",
  "attack": "cleanlabel",
  "backbone": "vit_tiny_patch16_224",
  "tag": "gtsrb_cleanlabel_vit",
  "seeds": [
    42,
    43,
    44
  ],
  "config": {
    "dataset": "gtsrb",
    "attack": "cleanlabel",
    "backbone": "vit_tiny_patch16_224",
    "tag": "gtsrb_cleanlabel_vit",
    "img_size": 224,
    "num_layers": 12,
    "num_features": 7,
    "num_classes": 43,
    "data_root": "data",
    "tinyimagenet_root": "data/tiny-imagenet-200",
    "pretrained": true,
    "poison_rate": 0.1,
    "target_class": 0,
    "trigger_size": 22,
    "blend_alpha": 0.2,
    "ss_epsilon": 0.1,
    "epochs": 8,
    "lr": 0.0001,
    "weight_decay": 0.0001,
    "batch_size": 64,
    "num_workers": 8,
    "train_cap": 0,
    "save_checkpoints": true,
    "load_checkpoints": true,
    "checkpoint_dir": "checkpoints",
    "train_ratio": 0.56,
    "val_ratio": 0.14,
    "test_ratio": 0.3,
    "detector_samples": 2000,
    "hist_bins": 20,
    "wla_temperature": 0.5,
    "ensemble_xgb_weight": 0.6,
    "xgb_estimators": 300,
    "xgb_depth": 6,
    "xgb_lr": 0.05,
    "strip_overlays": 8,
    "nc_steps": 200,
    "nc_lambda": 0.001,
    "nc_max_classes": 0,
    "abl_isolation_rate": 0.1,
    "abl_gamma": 0.2,
    "mitigation_lambda": 0.01,
    "mitigation_layers": [
      4,
      5,
      6,
      7
    ],
    "mitigation_epochs": 2,
    "asr_gate": "warn",
    "asr_gate_threshold": 80.0,
    "seed": 42,
    "seeds": [
      42,
      43,
      44
    ],
    "output_dir": "results",
    "figures_dir": "paper/figures",
    "device": "auto"
  },
  "feature_correlation": {
    "entropy": 0.06446868086682864,
    "variance": 0.07864572870627971,
    "concentration": 0.1027631845012041,
    "sparsity": 0.04487384265631772,
    "energy": 0.0786457285698734,
    "kl_div": 0.0644686836012684,
    "drift": 0.07797529298447249
  }
}