{
  "detectors": {
    "xu": {
      "method": "Xu et al. (final-layer hist)",
      "acc": 56.98333333333333,
      "acc_std": 6.340916512793893,
      "f1": 56.3271072364777,
      "f1_std": 6.385743857667477,
      "auc": 0.5941307790748414,
      "auc_std": 0.07964978757250667,
      "pre": 57.636792920029244,
      "pre_std": 6.59880603677143,
      "rec": 55.08109897384972,
      "rec_std": 6.202823550576097
    },
    "single_layer": {
      "method": "Single-layer (last)",
      "acc": 60.06666666666666,
      "acc_std": 6.943742186714271,
      "f1": 60.34666224398959,
      "f1_std": 6.610713908081473,
      "auc": 0.6420507938222305,
      "auc_std": 0.09913556328783614,
      "pre": 60.49165868899132,
      "pre_std": 7.0585547681542185,
      "rec": 60.24495200264813,
      "rec_std": 6.298535018240313
    },
    "mlaf_bd": {
      "method": "MLAF-BD (full)",
      "acc": 80.73333333333333,
      "acc_std": 3.0698353195063923,
      "f1": 81.86374054646332,
      "f1_std": 3.9860625337195126,
      "auc": 0.9125967172391447,
      "auc_std": 0.04146853907761477,
      "pre": 77.22392459990233,
      "pre_std": 0.9812264803946976,
      "rec": 87.65309500165507,
      "rec_std": 8.9852461191468
    },
    "no_drift": {
      "method": "w/o Attention Drift",
      "acc": 79.8,
      "acc_std": 2.6366013476949215,
      "f1": 81.29857221498378,
      "f1_std": 3.1363853057112663,
      "auc": 0.8990887220140453,
      "auc_std": 0.04037839966689996,
      "pre": 75.82429254212606,
      "pre_std": 0.6630078031240627,
      "rec": 87.81860311155246,
      "rec_std": 6.291746770217395
    },
    "strip": {
      "method": "STRIP",
      "acc": 50.349999999999994,
      "acc_std": 0.0,
      "f1": 66.97705354173596,
      "f1_std": 0.0,
      "auc": 0.508639590006577,
      "auc_std": 0.006941433047684739,
      "pre": 50.349999999999994,
      "pre_std": 0.0,
      "rec": 100.0,
      "rec_std": 0.0
    },
    "neural_cleanse": {
      "method": "Neural Cleanse (per-sample)",
      "acc": 50.349999999999994,
      "acc_std": 0.0,
      "f1": 66.97705354173596,
      "f1_std": 0.0,
      "auc": 0.5071150153024165,
      "auc_std": 0.01815183205226927,
      "pre": 50.349999999999994,
      "pre_std": 0.0,
      "rec": 100.0,
      "rec_std": 0.0
    },
    "abl": {
      "method": "ABL (per-sample)",
      "acc": 50.349999999999994,
      "acc_std": 0.0,
      "f1": 66.97705354173596,
      "f1_std": 0.0,
      "auc": 0.5038548555545889,
      "auc_std": 0.03016450069403161,
      "pre": 50.349999999999994,
      "pre_std": 0.0,
      "rec": 100.0,
      "rec_std": 0.0
    }
  },
  "ablation": {
    "A_last": {
      "acc": 60.06666666666666,
      "acc_std": 6.943742186714271,
      "f1": 60.34666224398959,
      "f1_std": 6.610713908081473,
      "auc": 0.6420507938222305,
      "auc_std": 0.09913556328783614
    },
    "B_first_last": {
      "acc": 75.38333333333333,
      "acc_std": 3.6656816858835755,
      "f1": 75.4127023322689,
      "f1_std": 3.64398522847312,
      "auc": 0.8530971350929529,
      "auc_std": 0.029606808405642913
    },
    "C_concat_xgb": {
      "acc": 81.51666666666667,
      "acc_std": 4.305487454658562,
      "f1": 83.21427394518665,
      "f1_std": 3.4721306572565185,
      "auc": 0.914022620441735,
      "auc_std": 0.034422359506039224
    },
    "D_wla_xgb": {
      "acc": 53.65,
      "acc_std": 3.518522417151837,
      "f1": 54.49035600201923,
      "f1_std": 3.9578408824060776,
      "auc": 0.5547781841310224,
      "auc_std": 0.04666092162738114
    },
    "E_full": {
      "acc": 80.73333333333333,
      "acc_std": 3.0698353195063923,
      "f1": 81.86374054646332,
      "f1_std": 3.9860625337195126,
      "auc": 0.9125967172391447,
      "auc_std": 0.04146853907761477
    },
    "F_no_drift": {
      "acc": 79.8,
      "acc_std": 2.6366013476949215,
      "f1": 81.29857221498378,
      "f1_std": 3.1363853057112663,
      "auc": 0.8990887220140453,
      "auc_std": 0.04037839966689996
    },
    "G_no_entropy": {
      "acc": 79.25,
      "acc_std": 5.946567637441506,
      "f1": 81.90655183097262,
      "f1_std": 4.441244971324051,
      "auc": 0.9117006733329934,
      "auc_std": 0.04133589898509014
    },
    "H_no_kl": {
      "acc": 80.4,
      "acc_std": 5.867850259393692,
      "f1": 82.39493704135786,
      "f1_std": 4.233344976588389,
      "auc": 0.9112539847785874,
      "auc_std": 0.040721278418627875
    },
    "I_no_variance": {
      "acc": 78.89999999999999,
      "acc_std": 4.750263150605446,
      "f1": 81.74545532726877,
      "f1_std": 3.487573424971383,
      "auc": 0.9124997124859119,
      "auc_std": 0.04148262228589546
    }
  },
  "asr_pre": 0.0,
  "asr_pre_std": 0.0,
  "asr_post": 0.0,
  "asr_post_std": 0.0,
  "cda_pre": 99.94161558029943,
  "cda_pre_std": 0.015603892517507606,
  "cda_post": 99.74978105842611,
  "cda_post_std": 0.09362335510506462,
  "wla_weights": [
    0.07638890047868092,
    0.07882249106963475,
    0.08992804835240047,
    0.09669672946135204,
    0.08336787174145381,
    0.08337265501419704,
    0.08009281009435654,
    0.08071773747603099,
    0.08276296158631642,
    0.07857963939507802,
    0.07997754216194153,
    0.08929261316855748
  ],
  "nc": {
    "target_class": 7,
    "anomaly_index": 2.49057225309243,
    "flagged": true
  },
  "dataset": "gtsrb",
  "attack": "cleanlabel",
  "backbone": "deit_small_patch16_224",
  "tag": "gtsrb_cleanlabel_deit",
  "seeds": [
    42,
    43,
    44
  ],
  "config": {
    "dataset": "gtsrb",
    "attack": "cleanlabel",
    "backbone": "deit_small_patch16_224",
    "tag": "gtsrb_cleanlabel_deit",
    "img_size": 224,
    "num_layers": 12,
    "num_features": 7,
    "num_classes": 43,
    "data_root": "data",
    "tinyimagenet_root": "data/tiny-imagenet-200",
    "pretrained": true,
    "poison_rate": 0.1,
    "target_class": 0,
    "trigger_size": 22,
    "blend_alpha": 0.2,
    "ss_epsilon": 0.1,
    "epochs": 8,
    "lr": 0.0001,
    "weight_decay": 0.0001,
    "batch_size": 64,
    "num_workers": 8,
    "train_cap": 0,
    "save_checkpoints": true,
    "load_checkpoints": true,
    "checkpoint_dir": "checkpoints",
    "train_ratio": 0.56,
    "val_ratio": 0.14,
    "test_ratio": 0.3,
    "detector_samples": 2000,
    "hist_bins": 20,
    "wla_temperature": 0.5,
    "ensemble_xgb_weight": 0.6,
    "xgb_estimators": 300,
    "xgb_depth": 6,
    "xgb_lr": 0.05,
    "strip_overlays": 8,
    "nc_steps": 200,
    "nc_lambda": 0.001,
    "nc_max_classes": 0,
    "abl_isolation_rate": 0.1,
    "abl_gamma": 0.2,
    "mitigation_lambda": 0.01,
    "mitigation_layers": [
      4,
      5,
      6,
      7
    ],
    "mitigation_epochs": 2,
    "asr_gate": "warn",
    "asr_gate_threshold": 80.0,
    "seed": 42,
    "seeds": [
      42,
      43,
      44
    ],
    "output_dir": "results",
    "figures_dir": "paper/figures",
    "device": "auto"
  },
  "feature_correlation": {
    "entropy": 0.0476667165963631,
    "variance": 0.05564064204153781,
    "concentration": 0.10580054049039268,
    "sparsity": 0.03795792279748882,
    "energy": 0.055640640232635964,
    "kl_div": 0.04766672286131728,
    "drift": 0.05475670166237372
  }
}