{
  "detectors": {
    "xu": {
      "method": "Xu et al. (final-layer hist)",
      "acc": 90.39999999999999,
      "acc_std": 6.584198255419307,
      "f1": 90.25562407528513,
      "f1_std": 6.740187975625914,
      "auc": 0.9605296628463543,
      "auc_std": 0.04412524452647663,
      "pre": 90.04321136867793,
      "pre_std": 6.25838605253542,
      "rec": 90.47619047619048,
      "rec_std": 7.235962688265711
    },
    "single_layer": {
      "method": "Single-layer (last)",
      "acc": 95.13333333333333,
      "acc_std": 4.0249913733516935,
      "f1": 95.13988134380578,
      "f1_std": 3.99668684741183,
      "auc": 0.9879396284638772,
      "auc_std": 0.013892199456782195,
      "pre": 94.1895562917373,
      "pre_std": 4.402066415402683,
      "rec": 96.11617696724079,
      "rec_std": 3.598620399857474
    },
    "mlaf_bd": {
      "method": "MLAF-BD (full)",
      "acc": 99.86666666666667,
      "acc_std": 0.023570226039550245,
      "f1": 99.86509842951023,
      "f1_std": 0.023820303020192328,
      "auc": 1.0,
      "auc_std": 0.0,
      "pre": 99.73057164159286,
      "pre_std": 0.04752032580821248,
      "rec": 100.0,
      "rec_std": 0.0
    },
    "no_drift": {
      "method": "w/o Attention Drift",
      "acc": 99.90000000000002,
      "acc_std": 0.04082482904638398,
      "f1": 99.89880248180783,
      "f1_std": 0.04127886695861939,
      "auc": 1.0,
      "auc_std": 0.0,
      "pre": 99.79784355097006,
      "pre_std": 0.08239094003739189,
      "rec": 100.0,
      "rec_std": 0.0
    },
    "strip": {
      "method": "STRIP",
      "acc": 54.56666666666667,
      "acc_std": 4.792412985357405,
      "f1": 66.90989736677524,
      "f1_std": 0.6899563997440911,
      "auc": 0.6585809668500643,
      "auc_std": 0.039383177817227416,
      "pre": 52.69282221836852,
      "pre_std": 3.4000841840357845,
      "rec": 92.84025667004391,
      "rec_std": 7.197716205063612
    },
    "neural_cleanse": {
      "method": "Neural Cleanse (per-sample)",
      "acc": 54.51666666666666,
      "acc_std": 1.6213848676020435,
      "f1": 68.03372500255956,
      "f1_std": 1.3044761897142783,
      "auc": 0.3535887564998485,
      "auc_std": 0.05034389977013175,
      "pre": 52.07390647065059,
      "pre_std": 0.8654267486060017,
      "rec": 98.10874704491727,
      "rec_std": 2.462837508072207
    },
    "abl": {
      "method": "ABL (per-sample)",
      "acc": 69.35000000000001,
      "acc_std": 14.143078401347655,
      "f1": 73.3820597851933,
      "f1_std": 5.162403203363965,
      "auc": 0.8287948996713778,
      "auc_std": 0.011661589829996767,
      "pre": 73.37543939670377,
      "pre_std": 16.98935945548668,
      "rec": 80.10807159743331,
      "rec_std": 14.067237798645156
    }
  },
  "ablation": {
    "A_last": {
      "acc": 95.13333333333333,
      "acc_std": 4.0249913733516935,
      "f1": 95.13988134380578,
      "f1_std": 3.99668684741183,
      "auc": 0.9879396284638772,
      "auc_std": 0.013892199456782195
    },
    "B_first_last": {
      "acc": 99.16666666666667,
      "acc_std": 0.6599663291074475,
      "f1": 99.16414273672227,
      "f1_std": 0.6590935218261063,
      "auc": 0.9995662600312786,
      "auc_std": 0.0004948228380687421
    },
    "C_concat_xgb": {
      "acc": 99.86666666666667,
      "acc_std": 0.023570226039550245,
      "f1": 99.86509842951023,
      "f1_std": 0.023820303020192328,
      "auc": 1.0,
      "auc_std": 0.0
    },
    "D_wla_xgb": {
      "acc": 99.71666666666665,
      "acc_std": 0.2718251071716641,
      "f1": 99.71450762955503,
      "f1_std": 0.2735102526855416,
      "auc": 0.9999899983097142,
      "auc_std": 9.627979847419754e-06
    },
    "E_full": {
      "acc": 99.86666666666667,
      "acc_std": 0.023570226039550245,
      "f1": 99.86509842951023,
      "f1_std": 0.023820303020192328,
      "auc": 1.0,
      "auc_std": 0.0
    },
    "F_no_drift": {
      "acc": 99.90000000000002,
      "acc_std": 0.04082482904638398,
      "f1": 99.89880248180783,
      "f1_std": 0.04127886695861939,
      "auc": 1.0,
      "auc_std": 0.0
    },
    "G_no_entropy": {
      "acc": 99.88333333333333,
      "acc_std": 0.023570226039550245,
      "f1": 99.88194192730572,
      "f1_std": 0.023820303020192328,
      "auc": 1.0,
      "auc_std": 0.0
    },
    "H_no_kl": {
      "acc": 99.90000000000002,
      "acc_std": 0.04082482904638398,
      "f1": 99.89880248180783,
      "f1_std": 0.04127886695861939,
      "auc": 1.0,
      "auc_std": 0.0
    },
    "I_no_variance": {
      "acc": 99.86666666666667,
      "acc_std": 0.023570226039550245,
      "f1": 99.86509842951023,
      "f1_std": 0.023820303020192328,
      "auc": 1.0,
      "auc_std": 0.0
    }
  },
  "asr_pre": 52.2818254603683,
  "asr_pre_std": 8.76427396732657,
  "asr_post": 16.53014719467882,
  "asr_post_std": 12.027984670204717,
  "cda_pre": 89.83518518518518,
  "cda_pre_std": 0.0026189140043967043,
  "cda_post": 89.66111111111111,
  "cda_post_std": 0.029745145192980316,
  "wla_weights": [
    0.04886176188786825,
    0.05115275581677755,
    0.05498600751161575,
    0.09482164308428764,
    0.048992800215880074,
    0.05236483613650004,
    0.15069559713204703,
    0.121175450583299,
    0.13148967425028482,
    0.10583161562681198,
    0.07680688301722209,
    0.06282097473740578
  ],
  "nc": {
    "target_class": 8,
    "anomaly_index": 0.871739707879467,
    "flagged": false
  },
  "dataset": "mnist",
  "attack": "cleanlabel",
  "backbone": "deit_small_patch16_224",
  "tag": "mnist_cleanlabel_deit",
  "seeds": [
    42,
    43,
    44
  ],
  "config": {
    "dataset": "mnist",
    "attack": "cleanlabel",
    "backbone": "deit_small_patch16_224",
    "tag": "mnist_cleanlabel_deit",
    "img_size": 224,
    "num_layers": 12,
    "num_features": 7,
    "num_classes": 10,
    "data_root": "data",
    "tinyimagenet_root": "data/tiny-imagenet-200",
    "pretrained": true,
    "poison_rate": 0.1,
    "target_class": 0,
    "trigger_size": 22,
    "blend_alpha": 0.2,
    "ss_epsilon": 0.1,
    "epochs": 5,
    "lr": 0.0001,
    "weight_decay": 0.0001,
    "batch_size": 64,
    "num_workers": 8,
    "train_cap": 0,
    "save_checkpoints": true,
    "load_checkpoints": true,
    "checkpoint_dir": "checkpoints",
    "train_ratio": 0.56,
    "val_ratio": 0.14,
    "test_ratio": 0.3,
    "detector_samples": 2000,
    "hist_bins": 20,
    "wla_temperature": 0.5,
    "ensemble_xgb_weight": 0.6,
    "xgb_estimators": 300,
    "xgb_depth": 6,
    "xgb_lr": 0.05,
    "strip_overlays": 8,
    "nc_steps": 200,
    "nc_lambda": 0.001,
    "nc_max_classes": 0,
    "abl_isolation_rate": 0.1,
    "abl_gamma": 0.2,
    "mitigation_lambda": 0.01,
    "mitigation_layers": [
      4,
      5,
      6,
      7
    ],
    "mitigation_epochs": 2,
    "asr_gate": "warn",
    "asr_gate_threshold": 80.0,
    "seed": 42,
    "seeds": [
      42,
      43,
      44
    ],
    "output_dir": "results",
    "figures_dir": "paper/figures",
    "device": "auto"
  },
  "feature_correlation": {
    "entropy": 0.539653498044822,
    "variance": 0.4779560589630439,
    "concentration": 0.5383649362113483,
    "sparsity": 0.48842803481224545,
    "energy": 0.47795605828639726,
    "kl_div": 0.5396534798446414,
    "drift": 0.47769767699592963
  }
}