{
  "detectors": {
    "xu": {
      "method": "Xu et al. (final-layer hist)",
      "acc": 72.05,
      "acc_std": 11.293434670934555,
      "f1": 72.50358868149733,
      "f1_std": 10.758367517400483,
      "auc": 0.7868158052044129,
      "auc_std": 0.13273502518134886,
      "pre": 70.96972318396583,
      "pre_std": 11.382763097461032,
      "rec": 74.13036136440392,
      "rec_std": 10.064054180223161
    },
    "single_layer": {
      "method": "Single-layer (last)",
      "acc": 91.08333333333333,
      "acc_std": 6.819620386958661,
      "f1": 91.01448066785072,
      "f1_std": 6.829100510307471,
      "auc": 0.960907226654638,
      "auc_std": 0.04254722386573901,
      "pre": 90.95929507113784,
      "pre_std": 7.336788716125822,
      "rec": 91.08409321175277,
      "rec_std": 6.386997978713067
    },
    "mlaf_bd": {
      "method": "MLAF-BD (full)",
      "acc": 99.15000000000002,
      "acc_std": 0.6745368781616038,
      "f1": 99.15068904320829,
      "f1_std": 0.6687471732764965,
      "auc": 0.9999189863086863,
      "auc_std": 0.00011457066099391327,
      "pre": 98.32436478378007,
      "pre_std": 1.3092169163515837,
      "rec": 100.0,
      "rec_std": 0.0
    },
    "no_drift": {
      "method": "w/o Attention Drift",
      "acc": 98.73333333333333,
      "acc_std": 1.3331249837214094,
      "f1": 98.75031031520662,
      "f1_std": 1.30472087716287,
      "auc": 0.9998046336497536,
      "auc_std": 0.00027558281833935555,
      "pre": 97.56398254714433,
      "pre_std": 2.5230902842433345,
      "rec": 100.0,
      "rec_std": 0.0
    },
    "strip": {
      "method": "STRIP",
      "acc": 71.11666666666666,
      "acc_std": 16.60925110359351,
      "f1": 78.72743140566244,
      "f1_std": 11.228238517864858,
      "auc": 0.7704538733712664,
      "auc_std": 0.19128245510320632,
      "pre": 67.52482546794833,
      "pre_std": 17.87713276352406,
      "rec": 98.61533265788584,
      "rec_std": 1.5283631879749802
    },
    "neural_cleanse": {
      "method": "Neural Cleanse (per-sample)",
      "acc": 94.66666666666667,
      "acc_std": 0.09428090415820767,
      "f1": 94.87190877305984,
      "f1_std": 0.08376197112221433,
      "auc": 0.9095835529537823,
      "auc_std": 0.004881406622735032,
      "pre": 90.27191801787069,
      "pre_std": 0.19082226346976222,
      "rec": 99.96622762580209,
      "rec_std": 0.04776134962421541
    },
    "abl": {
      "method": "ABL (per-sample)",
      "acc": 95.3,
      "acc_std": 0.16329931618554752,
      "f1": 95.03555994797046,
      "f1_std": 0.1618247533215631,
      "auc": 0.9406864760144464,
      "auc_std": 0.018836785847039017,
      "pre": 99.26626166990208,
      "pre_std": 0.40322211511541023,
      "rec": 91.1516379601486,
      "rec_std": 0.04776134962421541
    }
  },
  "ablation": {
    "A_last": {
      "acc": 91.08333333333333,
      "acc_std": 6.819620386958661,
      "f1": 91.01448066785072,
      "f1_std": 6.829100510307471,
      "auc": 0.960907226654638,
      "auc_std": 0.04254722386573901
    },
    "B_first_last": {
      "acc": 97.18333333333334,
      "acc_std": 0.980079361865946,
      "f1": 97.1822720722957,
      "f1_std": 0.9660490288396745,
      "auc": 0.9954945719159872,
      "auc_std": 0.002746541165267558
    },
    "C_concat_xgb": {
      "acc": 99.03333333333335,
      "acc_std": 0.9131751687868497,
      "f1": 99.03017922316955,
      "f1_std": 0.9134086988518113,
      "auc": 0.9995469234300597,
      "auc_std": 0.000637920215628941
    },
    "D_wla_xgb": {
      "acc": 94.03333333333335,
      "acc_std": 3.9022073525406453,
      "f1": 93.8966037957211,
      "f1_std": 3.9973384706922883,
      "auc": 0.9795918843617905,
      "auc_std": 0.014463107697038475
    },
    "E_full": {
      "acc": 99.15000000000002,
      "acc_std": 0.6745368781616038,
      "f1": 99.15068904320829,
      "f1_std": 0.6687471732764965,
      "auc": 0.9999189863086863,
      "auc_std": 0.00011457066099391327
    },
    "F_no_drift": {
      "acc": 98.73333333333333,
      "acc_std": 1.3331249837214094,
      "f1": 98.75031031520662,
      "f1_std": 1.30472087716287,
      "auc": 0.9998046336497536,
      "auc_std": 0.00027558281833935555
    },
    "G_no_entropy": {
      "acc": 99.09999999999998,
      "acc_std": 0.7071067811865476,
      "f1": 99.1013555398186,
      "f1_std": 0.700052352916933,
      "auc": 0.9999076510596958,
      "auc_std": 0.00013060112384901795
    },
    "H_no_kl": {
      "acc": 99.13333333333333,
      "acc_std": 0.6249444419750902,
      "f1": 99.13344974526024,
      "f1_std": 0.6194892120106021,
      "auc": 0.9999059841113148,
      "auc_std": 0.00013295854485719855
    },
    "I_no_variance": {
      "acc": 99.21666666666668,
      "acc_std": 0.5807083796728119,
      "f1": 99.21596584960503,
      "f1_std": 0.5768866026083431,
      "auc": 0.9999173193603053,
      "auc_std": 0.0001169280820019892
    }
  },
  "asr_pre": 99.98357660487363,
  "asr_pre_std": 0.015362679422613053,
  "asr_post": 21.145121225185274,
  "asr_post_std": 29.37778544106785,
  "cda_pre": 99.51851851851852,
  "cda_pre_std": 0.07608384660805273,
  "cda_post": 99.26296296296296,
  "cda_post_std": 0.0523782800878939,
  "wla_weights": [
    0.07535722230871518,
    0.07687941069404285,
    0.10435201476017635,
    0.11968680222829182,
    0.07679471870263417,
    0.06192665547132492,
    0.057058328141768776,
    0.08144500851631165,
    0.08018235365549724,
    0.08326224237680435,
    0.09358891099691391,
    0.08946633835633595
  ],
  "nc": {
    "target_class": 0,
    "anomaly_index": 1.64464314856316,
    "flagged": false
  },
  "dataset": "mnist",
  "attack": "blend",
  "backbone": "deit_small_patch16_224",
  "tag": "mnist_blend_deit",
  "seeds": [
    42,
    43,
    44
  ],
  "config": {
    "dataset": "mnist",
    "attack": "blend",
    "backbone": "deit_small_patch16_224",
    "tag": "mnist_blend_deit",
    "img_size": 224,
    "num_layers": 12,
    "num_features": 7,
    "num_classes": 10,
    "data_root": "data",
    "tinyimagenet_root": "data/tiny-imagenet-200",
    "pretrained": true,
    "poison_rate": 0.1,
    "target_class": 0,
    "trigger_size": 22,
    "blend_alpha": 0.2,
    "ss_epsilon": 0.1,
    "epochs": 5,
    "lr": 0.0001,
    "weight_decay": 0.0001,
    "batch_size": 64,
    "num_workers": 8,
    "train_cap": 0,
    "save_checkpoints": true,
    "load_checkpoints": true,
    "checkpoint_dir": "checkpoints",
    "train_ratio": 0.56,
    "val_ratio": 0.14,
    "test_ratio": 0.3,
    "detector_samples": 2000,
    "hist_bins": 20,
    "wla_temperature": 0.5,
    "ensemble_xgb_weight": 0.6,
    "xgb_estimators": 300,
    "xgb_depth": 6,
    "xgb_lr": 0.05,
    "strip_overlays": 8,
    "nc_steps": 200,
    "nc_lambda": 0.001,
    "nc_max_classes": 0,
    "abl_isolation_rate": 0.1,
    "abl_gamma": 0.2,
    "mitigation_lambda": 0.01,
    "mitigation_layers": [
      4,
      5,
      6,
      7
    ],
    "mitigation_epochs": 2,
    "asr_gate": "warn",
    "asr_gate_threshold": 80.0,
    "seed": 42,
    "seeds": [
      42,
      43,
      44
    ],
    "output_dir": "results",
    "figures_dir": "paper/figures",
    "device": "auto"
  },
  "feature_correlation": {
    "entropy": 0.21938636415309284,
    "variance": 0.14365706556525945,
    "concentration": 0.11008074809857431,
    "sparsity": 0.11698331425042315,
    "energy": 0.14365706441999562,
    "kl_div": 0.21938635250411878,
    "drift": 0.3129110640647496
  }
}