{
  "detectors": {
    "xu": {
      "method": "Xu et al. (final-layer hist)",
      "acc": 95.39999999999999,
      "acc_std": 3.1243666024758796,
      "f1": 95.31267837675291,
      "f1_std": 3.1913593365509976,
      "auc": 0.98853156183395,
      "auc_std": 0.008111695602895994,
      "pre": 95.61048804494443,
      "pre_std": 2.940299809883973,
      "rec": 95.03546099290782,
      "rec_std": 3.6558497573796807
    },
    "single_layer": {
      "method": "Single-layer (last)",
      "acc": 99.48333333333333,
      "acc_std": 0.22484562605386513,
      "f1": 99.47925571025138,
      "f1_std": 0.2255976746313356,
      "auc": 0.9998746454817531,
      "auc_std": 0.00016196837700260157,
      "pre": 99.1328995662329,
      "pre_std": 0.6131328268412922,
      "rec": 99.83113812901047,
      "rec_std": 0.1722059950554844
    },
    "mlaf_bd": {
      "method": "MLAF-BD (full)",
      "acc": 99.88333333333333,
      "acc_std": 0.16499158227685842,
      "f1": 99.88221436984686,
      "f1_std": 0.16657403561520673,
      "auc": 1.0,
      "auc_std": 0.0,
      "pre": 99.76525821596245,
      "pre_std": 0.3319750146415699,
      "rec": 100.0,
      "rec_std": 0.0
    },
    "no_drift": {
      "method": "w/o Attention Drift",
      "acc": 99.88333333333333,
      "acc_std": 0.13123346456686266,
      "f1": 99.8821122618591,
      "f1_std": 0.13253741592317544,
      "auc": 1.0,
      "auc_std": 0.0,
      "pre": 99.76485193928347,
      "pre_std": 0.26423094511816914,
      "rec": 100.0,
      "rec_std": 0.0
    },
    "strip": {
      "method": "STRIP",
      "acc": 75.8,
      "acc_std": 4.743943507252165,
      "f1": 75.22927193385897,
      "f1_std": 4.358326346094582,
      "auc": 0.8178692198981627,
      "auc_std": 0.04519177140202711,
      "pre": 76.57839341550188,
      "pre_std": 6.581096808539229,
      "rec": 74.13036136440392,
      "rec_std": 3.6850597310244724
    },
    "neural_cleanse": {
      "method": "Neural Cleanse (per-sample)",
      "acc": 94.83333333333333,
      "acc_std": 0.023570226039550245,
      "f1": 95.02567883362535,
      "f1_std": 0.02156050116801168,
      "auc": 0.9642736289099525,
      "auc_std": 0.020422667275708968,
      "pre": 90.52279282536853,
      "pre_std": 0.039125477175278846,
      "rec": 100.0,
      "rec_std": 0.0
    },
    "abl": {
      "method": "ABL (per-sample)",
      "acc": 95.58333333333333,
      "acc_std": 0.06236095644623388,
      "f1": 95.32219514771857,
      "f1_std": 0.06294318789837512,
      "auc": 0.9136065661763505,
      "auc_std": 0.0023418015506417094,
      "pre": 99.85226209834526,
      "pre_std": 0.13809765234865803,
      "rec": 91.1854103343465,
      "rec_std": 0.0
    }
  },
  "ablation": {
    "A_last": {
      "acc": 99.48333333333333,
      "acc_std": 0.22484562605386513,
      "f1": 99.47925571025138,
      "f1_std": 0.2255976746313356,
      "auc": 0.9998746454817531,
      "auc_std": 0.00016196837700260157
    },
    "B_first_last": {
      "acc": 99.46666666666665,
      "acc_std": 0.37932688922469987,
      "f1": 99.46256657959007,
      "f1_std": 0.38238745801472007,
      "auc": 0.9997982992459059,
      "auc_std": 0.0002705321130948718
    },
    "C_concat_xgb": {
      "acc": 99.91666666666667,
      "acc_std": 0.11785113019775792,
      "f1": 99.91578238167425,
      "f1_std": 0.11910169802704629,
      "auc": 1.0,
      "auc_std": 0.0
    },
    "D_wla_xgb": {
      "acc": 99.86666666666667,
      "acc_std": 0.047140452079107185,
      "f1": 99.86501284331645,
      "f1_std": 0.04754397810836722,
      "auc": 0.9999986664412953,
      "auc_std": 1.24742994458544e-06
    },
    "E_full": {
      "acc": 99.88333333333333,
      "acc_std": 0.16499158227685842,
      "f1": 99.88221436984686,
      "f1_std": 0.16657403561520673,
      "auc": 1.0,
      "auc_std": 0.0
    },
    "F_no_drift": {
      "acc": 99.88333333333333,
      "acc_std": 0.13123346456686266,
      "f1": 99.8821122618591,
      "f1_std": 0.13253741592317544,
      "auc": 1.0,
      "auc_std": 0.0
    },
    "G_no_entropy": {
      "acc": 99.88333333333333,
      "acc_std": 0.16499158227685842,
      "f1": 99.88221436984686,
      "f1_std": 0.16657403561520673,
      "auc": 1.0,
      "auc_std": 0.0
    },
    "H_no_kl": {
      "acc": 99.88333333333333,
      "acc_std": 0.16499158227685842,
      "f1": 99.88221436984686,
      "f1_std": 0.16657403561520673,
      "auc": 1.0,
      "auc_std": 0.0
    },
    "I_no_variance": {
      "acc": 99.88333333333333,
      "acc_std": 0.16499158227685842,
      "f1": 99.88221436984686,
      "f1_std": 0.16657403561520673,
      "auc": 1.0,
      "auc_std": 0.0
    }
  },
  "asr_pre": 100.0,
  "asr_pre_std": 0.0,
  "asr_post": 62.89749748516763,
  "asr_post_std": 44.44526820269787,
  "cda_pre": 99.5,
  "cda_pre_std": 0.009072184232525905,
  "cda_post": 99.21481481481483,
  "cda_post_std": 0.04633331853035811,
  "wla_weights": [
    0.023950303594271343,
    0.04008030146360397,
    0.07545216754078865,
    0.08759980152050655,
    0.10314703981081645,
    0.09242201348145802,
    0.11528911689917247,
    0.10588597754637401,
    0.09591907511154811,
    0.09297087788581848,
    0.09646102041006088,
    0.07082229852676392
  ],
  "nc": {
    "target_class": 0,
    "anomaly_index": 2.5812346063024965,
    "flagged": true
  },
  "dataset": "mnist",
  "attack": "samplespecific",
  "backbone": "vit_tiny_patch16_224",
  "tag": "mnist_samplespecific_vit",
  "seeds": [
    42,
    43,
    44
  ],
  "config": {
    "dataset": "mnist",
    "attack": "samplespecific",
    "backbone": "vit_tiny_patch16_224",
    "tag": "mnist_samplespecific_vit",
    "img_size": 224,
    "num_layers": 12,
    "num_features": 7,
    "num_classes": 10,
    "data_root": "data",
    "tinyimagenet_root": "data/tiny-imagenet-200",
    "pretrained": true,
    "poison_rate": 0.1,
    "target_class": 0,
    "trigger_size": 22,
    "blend_alpha": 0.2,
    "ss_epsilon": 0.1,
    "epochs": 5,
    "lr": 0.0001,
    "weight_decay": 0.0001,
    "batch_size": 64,
    "num_workers": 8,
    "train_cap": 0,
    "save_checkpoints": true,
    "load_checkpoints": true,
    "checkpoint_dir": "checkpoints",
    "train_ratio": 0.56,
    "val_ratio": 0.14,
    "test_ratio": 0.3,
    "detector_samples": 2000,
    "hist_bins": 20,
    "wla_temperature": 0.5,
    "ensemble_xgb_weight": 0.6,
    "xgb_estimators": 300,
    "xgb_depth": 6,
    "xgb_lr": 0.05,
    "strip_overlays": 8,
    "nc_steps": 200,
    "nc_lambda": 0.001,
    "nc_max_classes": 0,
    "abl_isolation_rate": 0.1,
    "abl_gamma": 0.2,
    "mitigation_lambda": 0.01,
    "mitigation_layers": [
      4,
      5,
      6,
      7
    ],
    "mitigation_epochs": 2,
    "asr_gate": "warn",
    "asr_gate_threshold": 80.0,
    "seed": 42,
    "seeds": [
      42,
      43,
      44
    ],
    "output_dir": "results",
    "figures_dir": "paper/figures",
    "device": "auto"
  },
  "feature_correlation": {
    "entropy": 0.7665091974889909,
    "variance": 0.6077628524240789,
    "concentration": 0.5184528844537386,
    "sparsity": 0.776371164583074,
    "energy": 0.6077628516116295,
    "kl_div": 0.7665092117944372,
    "drift": 0.4464448336763912
  }
}