{
  "detectors": {
    "xu": {
      "method": "Xu et al. (final-layer hist)",
      "acc": 98.18333333333334,
      "acc_std": 1.7513486866475845,
      "f1": 98.15812898075126,
      "f1_std": 1.7752334045716842,
      "auc": 0.997154185724054,
      "auc_std": 0.0036872488455506128,
      "pre": 98.17429907298043,
      "pre_std": 1.7291794624440466,
      "rec": 98.14251941911516,
      "rec_std": 1.8355526162379203
    },
    "single_layer": {
      "method": "Single-layer (last)",
      "acc": 99.64999999999999,
      "acc_std": 0.267706306736814,
      "f1": 99.64701591905623,
      "f1_std": 0.26979305679630006,
      "auc": 0.999971661877524,
      "auc_std": 3.1335082662296676e-05,
      "pre": 99.36422021619607,
      "pre_std": 0.49330931267864603,
      "rec": 99.9324552516042,
      "rec_std": 0.04776134962421541
    },
    "mlaf_bd": {
      "method": "MLAF-BD (full)",
      "acc": 100.0,
      "acc_std": 0.0,
      "f1": 100.0,
      "f1_std": 0.0,
      "auc": 1.0,
      "auc_std": 0.0,
      "pre": 100.0,
      "pre_std": 0.0,
      "rec": 100.0,
      "rec_std": 0.0
    },
    "no_drift": {
      "method": "w/o Attention Drift",
      "acc": 100.0,
      "acc_std": 0.0,
      "f1": 100.0,
      "f1_std": 0.0,
      "auc": 1.0,
      "auc_std": 0.0,
      "pre": 100.0,
      "pre_std": 0.0,
      "rec": 100.0,
      "rec_std": 0.0
    },
    "strip": {
      "method": "STRIP",
      "acc": 49.31666666666666,
      "acc_std": 0.047140452079103834,
      "f1": 66.04886680139583,
      "f1_std": 0.053043597071837215,
      "auc": 0.4967349482062468,
      "auc_std": 0.01856782817493835,
      "pre": 49.332865731462924,
      "pre_std": 0.024231514946474186,
      "rec": 99.89868287740627,
      "rec_std": 0.14328404887265292
    },
    "neural_cleanse": {
      "method": "Neural Cleanse (per-sample)",
      "acc": 94.71666666666665,
      "acc_std": 0.062360956446230076,
      "f1": 94.91909168816197,
      "f1_std": 0.05693799141048691,
      "auc": 0.9762688227643807,
      "auc_std": 0.005101015424420915,
      "pre": 90.32958693005857,
      "pre_std": 0.10315129929581154,
      "rec": 100.0,
      "rec_std": 0.0
    },
    "abl": {
      "method": "ABL (per-sample)",
      "acc": 95.60000000000001,
      "acc_std": 0.07071067811865743,
      "f1": 95.33903651550709,
      "f1_std": 0.07137626175956749,
      "auc": 0.9130616407506201,
      "auc_std": 0.0014436867618231241,
      "pre": 99.88925802879292,
      "pre_std": 0.1566127976049918,
      "rec": 91.1854103343465,
      "rec_std": 0.0
    }
  },
  "ablation": {
    "A_last": {
      "acc": 99.64999999999999,
      "acc_std": 0.267706306736814,
      "f1": 99.64701591905623,
      "f1_std": 0.26979305679630006,
      "auc": 0.999971661877524,
      "auc_std": 3.1335082662296676e-05
    },
    "B_first_last": {
      "acc": 99.63333333333333,
      "acc_std": 0.2592724864350661,
      "f1": 99.63056255247692,
      "f1_std": 0.26123172436782466,
      "auc": 0.9999006498764959,
      "auc_std": 0.00011925195396178759
    },
    "C_concat_xgb": {
      "acc": 100.0,
      "acc_std": 0.0,
      "f1": 100.0,
      "f1_std": 0.0,
      "auc": 1.0,
      "auc_std": 0.0
    },
    "D_wla_xgb": {
      "acc": 100.0,
      "acc_std": 0.0,
      "f1": 100.0,
      "f1_std": 0.0,
      "auc": 1.0,
      "auc_std": 6.409875621278546e-17
    },
    "E_full": {
      "acc": 100.0,
      "acc_std": 0.0,
      "f1": 100.0,
      "f1_std": 0.0,
      "auc": 1.0,
      "auc_std": 0.0
    },
    "F_no_drift": {
      "acc": 100.0,
      "acc_std": 0.0,
      "f1": 100.0,
      "f1_std": 0.0,
      "auc": 1.0,
      "auc_std": 0.0
    },
    "G_no_entropy": {
      "acc": 100.0,
      "acc_std": 0.0,
      "f1": 100.0,
      "f1_std": 0.0,
      "auc": 1.0,
      "auc_std": 0.0
    },
    "H_no_kl": {
      "acc": 99.98333333333333,
      "acc_std": 0.023570226039550245,
      "f1": 99.9831223628692,
      "f1_std": 0.023868583331188256,
      "auc": 1.0,
      "auc_std": 0.0
    },
    "I_no_variance": {
      "acc": 100.0,
      "acc_std": 0.0,
      "f1": 100.0,
      "f1_std": 0.0,
      "auc": 1.0,
      "auc_std": 0.0
    }
  },
  "asr_pre": 100.0,
  "asr_pre_std": 0.0,
  "asr_post": 30.058918930015807,
  "asr_post_std": 38.46170901770229,
  "cda_pre": 99.52222222222223,
  "cda_pre_std": 0.012001371663714655,
  "cda_post": 99.1351851851852,
  "cda_post_std": 0.18146258405013044,
  "wla_weights": [
    0.035493082056442894,
    0.02950585012634595,
    0.11032268404960632,
    0.07661079615354538,
    0.11062672237555186,
    0.0918358067671458,
    0.11563837031523387,
    0.0854169378678004,
    0.1044010619322459,
    0.08414278676112492,
    0.08615544562538464,
    0.0698504534860452
  ],
  "nc": {
    "target_class": 0,
    "anomaly_index": 5.656750285801481,
    "flagged": true
  },
  "dataset": "mnist",
  "attack": "blend",
  "backbone": "vit_tiny_patch16_224",
  "tag": "mnist_blend_vit",
  "seeds": [
    42,
    43,
    44
  ],
  "config": {
    "dataset": "mnist",
    "attack": "blend",
    "backbone": "vit_tiny_patch16_224",
    "tag": "mnist_blend_vit",
    "img_size": 224,
    "num_layers": 12,
    "num_features": 7,
    "num_classes": 10,
    "data_root": "data",
    "tinyimagenet_root": "data/tiny-imagenet-200",
    "pretrained": true,
    "poison_rate": 0.1,
    "target_class": 0,
    "trigger_size": 22,
    "blend_alpha": 0.2,
    "ss_epsilon": 0.1,
    "epochs": 5,
    "lr": 0.0001,
    "weight_decay": 0.0001,
    "batch_size": 64,
    "num_workers": 8,
    "train_cap": 0,
    "save_checkpoints": true,
    "load_checkpoints": true,
    "checkpoint_dir": "checkpoints",
    "train_ratio": 0.56,
    "val_ratio": 0.14,
    "test_ratio": 0.3,
    "detector_samples": 2000,
    "hist_bins": 20,
    "wla_temperature": 0.5,
    "ensemble_xgb_weight": 0.6,
    "xgb_estimators": 300,
    "xgb_depth": 6,
    "xgb_lr": 0.05,
    "strip_overlays": 8,
    "nc_steps": 200,
    "nc_lambda": 0.001,
    "nc_max_classes": 0,
    "abl_isolation_rate": 0.1,
    "abl_gamma": 0.2,
    "mitigation_lambda": 0.01,
    "mitigation_layers": [
      4,
      5,
      6,
      7
    ],
    "mitigation_epochs": 2,
    "asr_gate": "warn",
    "asr_gate_threshold": 80.0,
    "seed": 42,
    "seeds": [
      42,
      43,
      44
    ],
    "output_dir": "results",
    "figures_dir": "paper/figures",
    "device": "auto"
  },
  "feature_correlation": {
    "entropy": 0.7372445204821255,
    "variance": 0.6730955578479415,
    "concentration": 0.5937622572493509,
    "sparsity": 0.7565988427775459,
    "energy": 0.6730955575244134,
    "kl_div": 0.7372445427777201,
    "drift": 0.49883377738404844
  }
}