{
  "detectors": {
    "xu": {
      "method": "Xu et al. (final-layer hist)",
      "acc": 99.88333333333333,
      "acc_std": 0.16499158227685842,
      "f1": 99.88221436984686,
      "f1_std": 0.16657403561520673,
      "auc": 0.999998333051619,
      "auc_std": 2.357421008128257e-06,
      "pre": 99.76525821596245,
      "pre_std": 0.3319750146415699,
      "rec": 100.0,
      "rec_std": 0.0
    },
    "single_layer": {
      "method": "Single-layer (last)",
      "acc": 99.86666666666667,
      "acc_std": 0.08498365855988142,
      "f1": 99.86482472594624,
      "f1_std": 0.08630124725114852,
      "auc": 0.9999946657651809,
      "auc_std": 7.543747225916216e-06,
      "pre": 99.86497831322676,
      "pre_std": 0.047519840007220565,
      "rec": 99.86491050320838,
      "rec_std": 0.19104539849687502
    },
    "mlaf_bd": {
      "method": "MLAF-BD (full)",
      "acc": 99.91666666666667,
      "acc_std": 0.023570226039550245,
      "f1": 99.91564597960333,
      "f1_std": 0.023844424846044057,
      "auc": 1.0,
      "auc_std": 0.0,
      "pre": 99.83144549559323,
      "pre_std": 0.04761652079972038,
      "rec": 100.0,
      "rec_std": 0.0
    },
    "no_drift": {
      "method": "w/o Attention Drift",
      "acc": 99.93333333333334,
      "acc_std": 0.023570226039550245,
      "f1": 99.93250653410547,
      "f1_std": 0.023844424846044057,
      "auc": 1.0,
      "auc_std": 0.0,
      "pre": 99.86511546034721,
      "pre_std": 0.04761652079972038,
      "rec": 100.0,
      "rec_std": 0.0
    },
    "strip": {
      "method": "STRIP",
      "acc": 98.3,
      "acc_std": 2.2642143596988946,
      "f1": 98.30731631988506,
      "f1_std": 2.2521939124247305,
      "auc": 0.9973842246006241,
      "auc_std": 0.0036914882890259236,
      "pre": 97.71576622745937,
      "pre_std": 3.0184443133588026,
      "rec": 98.91928402566701,
      "rec_std": 1.4573082749335655
    },
    "neural_cleanse": {
      "method": "Neural Cleanse (per-sample)",
      "acc": 81.05,
      "acc_std": 19.26867059936068,
      "f1": 85.95934313766982,
      "f1_std": 12.61720365998512,
      "auc": 0.9745031910392856,
      "auc_std": 0.02223415962737087,
      "pre": 77.38988379787148,
      "pre_std": 18.202043134141675,
      "rec": 100.0,
      "rec_std": 0.0
    },
    "abl": {
      "method": "ABL (per-sample)",
      "acc": 95.65000000000002,
      "acc_std": 1.4210854715202004e-14,
      "f1": 95.38950715421304,
      "f1_std": 0.0,
      "auc": 0.9118666054563221,
      "auc_std": 1.304699956243832e-05,
      "pre": 100.0,
      "pre_std": 0.0,
      "rec": 91.1854103343465,
      "rec_std": 0.0
    }
  },
  "ablation": {
    "A_last": {
      "acc": 99.86666666666667,
      "acc_std": 0.08498365855988142,
      "f1": 99.86482472594624,
      "f1_std": 0.08630124725114852,
      "auc": 0.9999946657651809,
      "auc_std": 7.543747225916216e-06
    },
    "B_first_last": {
      "acc": 99.95,
      "acc_std": 0.04082482904638398,
      "f1": 99.94938417123626,
      "f1_std": 0.04132067893801576,
      "auc": 1.0,
      "auc_std": 0.0
    },
    "C_concat_xgb": {
      "acc": 99.91666666666667,
      "acc_std": 0.023570226039550245,
      "f1": 99.91564597960333,
      "f1_std": 0.023844424846044057,
      "auc": 1.0,
      "auc_std": 0.0
    },
    "D_wla_xgb": {
      "acc": 99.93333333333334,
      "acc_std": 0.023570226039550245,
      "f1": 99.93250653410547,
      "f1_std": 0.023844424846044057,
      "auc": 1.0,
      "auc_std": 0.0
    },
    "E_full": {
      "acc": 99.91666666666667,
      "acc_std": 0.023570226039550245,
      "f1": 99.91564597960333,
      "f1_std": 0.023844424846044057,
      "auc": 1.0,
      "auc_std": 0.0
    },
    "F_no_drift": {
      "acc": 99.93333333333334,
      "acc_std": 0.023570226039550245,
      "f1": 99.93250653410547,
      "f1_std": 0.023844424846044057,
      "auc": 1.0,
      "auc_std": 0.0
    },
    "G_no_entropy": {
      "acc": 99.90000000000002,
      "acc_std": 1.4210854715202004e-14,
      "f1": 99.89878542510121,
      "f1_std": 0.0,
      "auc": 1.0,
      "auc_std": 6.409875621278546e-17
    },
    "H_no_kl": {
      "acc": 99.91666666666667,
      "acc_std": 0.023570226039550245,
      "f1": 99.91564597960333,
      "f1_std": 0.023844424846044057,
      "auc": 1.0,
      "auc_std": 0.0
    },
    "I_no_variance": {
      "acc": 99.91666666666667,
      "acc_std": 0.023570226039550245,
      "f1": 99.91564597960333,
      "f1_std": 0.023844424846044057,
      "auc": 1.0,
      "auc_std": 0.0
    }
  },
  "asr_pre": 100.0,
  "asr_pre_std": 0.0,
  "asr_post": 99.91583009997741,
  "asr_post_std": 0.08175692452111191,
  "cda_pre": 99.57407407407406,
  "cda_pre_std": 0.048925351161561326,
  "cda_post": 99.3037037037037,
  "cda_post_std": 0.13320467043225484,
  "wla_weights": [
    0.04395377760132154,
    0.04424529398481051,
    0.05054487412174543,
    0.08167039106289546,
    0.0603672390182813,
    0.05049509989718596,
    0.11088330050309499,
    0.11383553345998128,
    0.12384565422932307,
    0.1165097306172053,
    0.10693607727686565,
    0.09671303008993466
  ],
  "nc": {
    "target_class": 2,
    "anomaly_index": 3.59365664885215,
    "flagged": true
  },
  "dataset": "mnist",
  "attack": "badnets",
  "backbone": "deit_small_patch16_224",
  "tag": "mnist_badnets_deit",
  "seeds": [
    42,
    43,
    44
  ],
  "config": {
    "dataset": "mnist",
    "attack": "badnets",
    "backbone": "deit_small_patch16_224",
    "tag": "mnist_badnets_deit",
    "img_size": 224,
    "num_layers": 12,
    "num_features": 7,
    "num_classes": 10,
    "data_root": "data",
    "tinyimagenet_root": "data/tiny-imagenet-200",
    "pretrained": true,
    "poison_rate": 0.1,
    "target_class": 0,
    "trigger_size": 22,
    "blend_alpha": 0.2,
    "ss_epsilon": 0.1,
    "epochs": 5,
    "lr": 0.0001,
    "weight_decay": 0.0001,
    "batch_size": 64,
    "num_workers": 8,
    "train_cap": 0,
    "save_checkpoints": true,
    "load_checkpoints": true,
    "checkpoint_dir": "checkpoints",
    "train_ratio": 0.56,
    "val_ratio": 0.14,
    "test_ratio": 0.3,
    "detector_samples": 2000,
    "hist_bins": 20,
    "wla_temperature": 0.5,
    "ensemble_xgb_weight": 0.6,
    "xgb_estimators": 300,
    "xgb_depth": 6,
    "xgb_lr": 0.05,
    "strip_overlays": 8,
    "nc_steps": 200,
    "nc_lambda": 0.001,
    "nc_max_classes": 0,
    "abl_isolation_rate": 0.1,
    "abl_gamma": 0.2,
    "mitigation_lambda": 0.01,
    "mitigation_layers": [
      4,
      5,
      6,
      7
    ],
    "mitigation_epochs": 2,
    "asr_gate": "warn",
    "asr_gate_threshold": 80.0,
    "seed": 42,
    "seeds": [
      42,
      43,
      44
    ],
    "output_dir": "results",
    "figures_dir": "paper/figures",
    "device": "auto"
  },
  "feature_correlation": {
    "entropy": 0.6376915091624354,
    "variance": 0.680544884029361,
    "concentration": 0.8348105488612574,
    "sparsity": 0.511227811590582,
    "energy": 0.6805448829040134,
    "kl_div": 0.6376915086498404,
    "drift": 0.605021613353977
  }
}