{
  "detectors": {
    "xu": {
      "method": "Xu et al. (final-layer hist)",
      "acc": 86.83333333333333,
      "acc_std": 5.299266196580635,
      "f1": 86.71007443357998,
      "f1_std": 5.473046491421478,
      "auc": 0.9379568480406522,
      "auc_std": 0.03808331890440809,
      "pre": 85.89307714286493,
      "pre_std": 4.331839431225754,
      "rec": 87.57176629517055,
      "rec_std": 6.667628100597333
    },
    "single_layer": {
      "method": "Single-layer (last)",
      "acc": 90.85000000000001,
      "acc_std": 4.089213453302071,
      "f1": 90.74696085744559,
      "f1_std": 4.172078980478011,
      "auc": 0.9611784391562174,
      "auc_std": 0.025084304531804116,
      "pre": 90.28767774293739,
      "pre_std": 3.551507053309545,
      "rec": 91.21918270854441,
      "rec_std": 4.811111484615912
    },
    "mlaf_bd": {
      "method": "MLAF-BD (full)",
      "acc": 99.91666666666667,
      "acc_std": 0.023570226039550245,
      "f1": 99.91564597960333,
      "f1_std": 0.023844424846044057,
      "auc": 1.0,
      "auc_std": 0.0,
      "pre": 99.83144549559323,
      "pre_std": 0.04761652079972038,
      "rec": 100.0,
      "rec_std": 0.0
    },
    "no_drift": {
      "method": "w/o Attention Drift",
      "acc": 99.96666666666665,
      "acc_std": 0.023570226039550245,
      "f1": 99.9662447257384,
      "f1_std": 0.023868583331188256,
      "auc": 1.0,
      "auc_std": 0.0,
      "pre": 99.93252361673414,
      "pre_std": 0.04771300817723231,
      "rec": 100.0,
      "rec_std": 0.0
    },
    "strip": {
      "method": "STRIP",
      "acc": 60.133333333333326,
      "acc_std": 7.386286091279043,
      "f1": 68.93490259749387,
      "f1_std": 2.3579041922819246,
      "auc": 0.7005517265751244,
      "auc_std": 0.060691396762468014,
      "pre": 57.16834430225947,
      "pre_std": 5.875030279668671,
      "rec": 88.65248226950355,
      "rec_std": 7.991003346033881
    },
    "neural_cleanse": {
      "method": "Neural Cleanse (per-sample)",
      "acc": 52.51666666666667,
      "acc_std": 2.239543604298775,
      "f1": 67.51897699046698,
      "f1_std": 1.013686877281216,
      "auc": 0.3036796551950613,
      "auc_std": 0.045416172932488,
      "pre": 50.991942434176615,
      "pre_std": 1.16121270042978,
      "rec": 99.9324552516042,
      "rec_std": 0.09552269924843752
    },
    "abl": {
      "method": "ABL (per-sample)",
      "acc": 87.73333333333335,
      "acc_std": 1.2498888839501776,
      "f1": 87.54658619912765,
      "f1_std": 1.4034829410834797,
      "auc": 0.8480854931150029,
      "auc_std": 0.004301970890643436,
      "pre": 87.61592023907197,
      "pre_std": 0.46509956203825015,
      "rec": 87.50422154677473,
      "rec_std": 2.4766919442484476
    }
  },
  "ablation": {
    "A_last": {
      "acc": 90.85000000000001,
      "acc_std": 4.089213453302071,
      "f1": 90.74696085744559,
      "f1_std": 4.172078980478011,
      "auc": 0.9611784391562174,
      "auc_std": 0.025084304531804116
    },
    "B_first_last": {
      "acc": 99.93333333333334,
      "acc_std": 0.023570226039550245,
      "f1": 99.93250653410547,
      "f1_std": 0.023844424846044057,
      "auc": 1.0,
      "auc_std": 0.0
    },
    "C_concat_xgb": {
      "acc": 99.91666666666667,
      "acc_std": 0.023570226039550245,
      "f1": 99.91564597960333,
      "f1_std": 0.023844424846044057,
      "auc": 1.0,
      "auc_std": 0.0
    },
    "D_wla_xgb": {
      "acc": 99.88333333333333,
      "acc_std": 0.08498365855987956,
      "f1": 99.88180505837414,
      "f1_std": 0.08614019566091768,
      "auc": 0.9999929988168,
      "auc_std": 5.7164421452173486e-06
    },
    "E_full": {
      "acc": 99.91666666666667,
      "acc_std": 0.023570226039550245,
      "f1": 99.91564597960333,
      "f1_std": 0.023844424846044057,
      "auc": 1.0,
      "auc_std": 0.0
    },
    "F_no_drift": {
      "acc": 99.96666666666665,
      "acc_std": 0.023570226039550245,
      "f1": 99.9662447257384,
      "f1_std": 0.023868583331188256,
      "auc": 1.0,
      "auc_std": 0.0
    },
    "G_no_entropy": {
      "acc": 99.91666666666667,
      "acc_std": 0.023570226039550245,
      "f1": 99.91564597960333,
      "f1_std": 0.023844424846044057,
      "auc": 1.0,
      "auc_std": 0.0
    },
    "H_no_kl": {
      "acc": 99.91666666666667,
      "acc_std": 0.023570226039550245,
      "f1": 99.91564597960333,
      "f1_std": 0.023844424846044057,
      "auc": 1.0,
      "auc_std": 0.0
    },
    "I_no_variance": {
      "acc": 99.91666666666667,
      "acc_std": 0.023570226039550245,
      "f1": 99.91564597960333,
      "f1_std": 0.023844424846044057,
      "auc": 1.0,
      "auc_std": 6.409875621278546e-17
    }
  },
  "asr_pre": 78.72554453819465,
  "asr_pre_std": 8.936576297115453,
  "asr_post": 13.362484859682617,
  "asr_post_std": 11.26529722043303,
  "cda_pre": 89.73518518518517,
  "cda_pre_std": 0.03638311611923823,
  "cda_post": 89.28333333333335,
  "cda_post_std": 0.1680192032920559,
  "wla_weights": [
    0.09229925523201625,
    0.10236870249112447,
    0.04532260571916898,
    0.17191093663374582,
    0.09616982191801071,
    0.09159862995147705,
    0.09632500261068344,
    0.07334177444378535,
    0.050469256937503815,
    0.05885778243343035,
    0.06823259467879932,
    0.053103635708491005
  ],
  "nc": {
    "target_class": 3,
    "anomaly_index": 1.8641686504067834,
    "flagged": false
  },
  "dataset": "mnist",
  "attack": "cleanlabel",
  "backbone": "vit_tiny_patch16_224",
  "tag": "mnist_cleanlabel_vit",
  "seeds": [
    42,
    43,
    44
  ],
  "config": {
    "dataset": "mnist",
    "attack": "cleanlabel",
    "backbone": "vit_tiny_patch16_224",
    "tag": "mnist_cleanlabel_vit",
    "img_size": 224,
    "num_layers": 12,
    "num_features": 7,
    "num_classes": 10,
    "data_root": "data",
    "tinyimagenet_root": "data/tiny-imagenet-200",
    "pretrained": true,
    "poison_rate": 0.1,
    "target_class": 0,
    "trigger_size": 22,
    "blend_alpha": 0.2,
    "ss_epsilon": 0.1,
    "epochs": 5,
    "lr": 0.0001,
    "weight_decay": 0.0001,
    "batch_size": 64,
    "num_workers": 8,
    "train_cap": 0,
    "save_checkpoints": true,
    "load_checkpoints": true,
    "checkpoint_dir": "checkpoints",
    "train_ratio": 0.56,
    "val_ratio": 0.14,
    "test_ratio": 0.3,
    "detector_samples": 2000,
    "hist_bins": 20,
    "wla_temperature": 0.5,
    "ensemble_xgb_weight": 0.6,
    "xgb_estimators": 300,
    "xgb_depth": 6,
    "xgb_lr": 0.05,
    "strip_overlays": 8,
    "nc_steps": 200,
    "nc_lambda": 0.001,
    "nc_max_classes": 0,
    "abl_isolation_rate": 0.1,
    "abl_gamma": 0.2,
    "mitigation_lambda": 0.01,
    "mitigation_layers": [
      4,
      5,
      6,
      7
    ],
    "mitigation_epochs": 2,
    "asr_gate": "warn",
    "asr_gate_threshold": 80.0,
    "seed": 42,
    "seeds": [
      42,
      43,
      44
    ],
    "output_dir": "results",
    "figures_dir": "paper/figures",
    "device": "auto"
  },
  "feature_correlation": {
    "entropy": 0.347698196267523,
    "variance": 0.3554150958244986,
    "concentration": 0.39963030501980423,
    "sparsity": 0.195817467050758,
    "energy": 0.355415095778892,
    "kl_div": 0.3476981831468438,
    "drift": 0.5512119825754017
  }
}