{
  "detectors": {
    "xu": {
      "method": "Xu et al. (final-layer hist)",
      "acc": 97.51666666666667,
      "acc_std": 1.297647443988114,
      "f1": 97.49539226588497,
      "f1_std": 1.3135371450836175,
      "auc": 0.9962213614100784,
      "auc_std": 0.002599298390088228,
      "pre": 96.99451663717117,
      "pre_std": 1.2900915896413006,
      "rec": 98.00742992232354,
      "rec_std": 1.5350649344631542
    },
    "single_layer": {
      "method": "Single-layer (last)",
      "acc": 97.66666666666667,
      "acc_std": 2.1332031210261135,
      "f1": 97.65466604191299,
      "f1_std": 2.1380217719682464,
      "auc": 0.9956714351392053,
      "auc_std": 0.004933924925337915,
      "pre": 97.17424388112973,
      "pre_std": 2.4353823088191797,
      "rec": 98.14251941911516,
      "rec_std": 1.8504056105103315
    },
    "mlaf_bd": {
      "method": "MLAF-BD (full)",
      "acc": 99.96666666666665,
      "acc_std": 0.04714045207910049,
      "f1": 99.96626180836707,
      "f1_std": 0.04771300817723231,
      "auc": 1.0,
      "auc_std": 0.0,
      "pre": 99.93259184361307,
      "pre_std": 0.0953295289769527,
      "rec": 100.0,
      "rec_std": 0.0
    },
    "no_drift": {
      "method": "w/o Attention Drift",
      "acc": 99.91666666666667,
      "acc_std": 0.023570226039550245,
      "f1": 99.91564597960333,
      "f1_std": 0.023844424846044057,
      "auc": 1.0,
      "auc_std": 0.0,
      "pre": 99.83144549559323,
      "pre_std": 0.04761652079972038,
      "rec": 100.0,
      "rec_std": 0.0
    },
    "strip": {
      "method": "STRIP",
      "acc": 96.10000000000001,
      "acc_std": 1.9248376554920177,
      "f1": 96.09604893302513,
      "f1_std": 1.9127788457096657,
      "auc": 0.9899939756485514,
      "auc_std": 0.007328813990913193,
      "pre": 95.1551823098788,
      "pre_std": 2.2967069539619214,
      "rec": 97.06180344478217,
      "rec_std": 1.5847846277136173
    },
    "neural_cleanse": {
      "method": "Neural Cleanse (per-sample)",
      "acc": 54.900000000000006,
      "acc_std": 0.17795130420052305,
      "f1": 68.63710085093199,
      "f1_std": 0.0848679628916497,
      "auc": 0.8652722310070402,
      "auc_std": 0.04703695757756844,
      "pre": 52.25005289753125,
      "pre_std": 0.09832000773614864,
      "rec": 100.0,
      "rec_std": 0.0
    },
    "abl": {
      "method": "ABL (per-sample)",
      "acc": 95.61666666666667,
      "acc_std": 0.023570226039556944,
      "f1": 95.35417683399506,
      "f1_std": 0.025063670243515274,
      "auc": 0.9133358537592854,
      "auc_std": 0.0013377043584646465,
      "pre": 99.96300406955235,
      "pre_std": 0.052320146591678364,
      "rec": 91.1516379601486,
      "rec_std": 0.04776134962421541
    }
  },
  "ablation": {
    "A_last": {
      "acc": 97.66666666666667,
      "acc_std": 2.1332031210261135,
      "f1": 97.65466604191299,
      "f1_std": 2.1380217719682464,
      "auc": 0.9956714351392053,
      "auc_std": 0.004933924925337915
    },
    "B_first_last": {
      "acc": 99.86666666666667,
      "acc_std": 0.1545603082582596,
      "f1": 99.86533673271607,
      "f1_std": 0.15601516708794744,
      "auc": 1.0,
      "auc_std": 0.0
    },
    "C_concat_xgb": {
      "acc": 99.93333333333334,
      "acc_std": 0.06236095644622881,
      "f1": 99.93254067344077,
      "f1_std": 0.06308189186948918,
      "auc": 1.0,
      "auc_std": 6.409875621278546e-17
    },
    "D_wla_xgb": {
      "acc": 99.76666666666667,
      "acc_std": 0.2054804667656324,
      "f1": 99.76434332746403,
      "f1_std": 0.2073136480845517,
      "auc": 0.9999886647510096,
      "auc_std": 1.0874842135218449e-05
    },
    "E_full": {
      "acc": 99.96666666666665,
      "acc_std": 0.04714045207910049,
      "f1": 99.96626180836707,
      "f1_std": 0.04771300817723231,
      "auc": 1.0,
      "auc_std": 0.0
    },
    "F_no_drift": {
      "acc": 99.91666666666667,
      "acc_std": 0.023570226039550245,
      "f1": 99.91564597960333,
      "f1_std": 0.023844424846044057,
      "auc": 1.0,
      "auc_std": 0.0
    },
    "G_no_entropy": {
      "acc": 99.98333333333333,
      "acc_std": 0.023570226039550245,
      "f1": 99.9831223628692,
      "f1_std": 0.023868583331188256,
      "auc": 1.0,
      "auc_std": 6.409875621278546e-17
    },
    "H_no_kl": {
      "acc": 99.96666666666665,
      "acc_std": 0.04714045207910049,
      "f1": 99.96626180836707,
      "f1_std": 0.04771300817723231,
      "auc": 1.0,
      "auc_std": 0.0
    },
    "I_no_variance": {
      "acc": 99.96666666666665,
      "acc_std": 0.04714045207910049,
      "f1": 99.96626180836707,
      "f1_std": 0.04771300817723231,
      "auc": 1.0,
      "auc_std": 0.0
    }
  },
  "asr_pre": 100.0,
  "asr_pre_std": 0.0,
  "asr_post": 97.96760485311326,
  "asr_post_std": 2.8698869719478877,
  "cda_pre": 99.48518518518517,
  "cda_pre_std": 0.0456623259479201,
  "cda_post": 98.8648148148148,
  "cda_post_std": 0.27819721419576116,
  "wla_weights": [
    0.06660014390945435,
    0.07829254244764645,
    0.039918738106886544,
    0.14087585856517157,
    0.08168574422597885,
    0.10423123091459274,
    0.07736922179659207,
    0.1088213324546814,
    0.09103779122233391,
    0.08143035446604092,
    0.06943088645736377,
    0.06030615915854772
  ],
  "nc": {
    "target_class": 7,
    "anomaly_index": 0.9256949919546178,
    "flagged": false
  },
  "dataset": "mnist",
  "attack": "badnets",
  "backbone": "vit_tiny_patch16_224",
  "tag": "mnist_badnets_vit",
  "seeds": [
    42,
    43,
    44
  ],
  "config": {
    "dataset": "mnist",
    "attack": "badnets",
    "backbone": "vit_tiny_patch16_224",
    "tag": "mnist_badnets_vit",
    "img_size": 224,
    "num_layers": 12,
    "num_features": 7,
    "num_classes": 10,
    "data_root": "data",
    "tinyimagenet_root": "data/tiny-imagenet-200",
    "pretrained": true,
    "poison_rate": 0.1,
    "target_class": 0,
    "trigger_size": 22,
    "blend_alpha": 0.2,
    "ss_epsilon": 0.1,
    "epochs": 5,
    "lr": 0.0001,
    "weight_decay": 0.0001,
    "batch_size": 64,
    "num_workers": 8,
    "train_cap": 0,
    "save_checkpoints": true,
    "load_checkpoints": true,
    "checkpoint_dir": "checkpoints",
    "train_ratio": 0.56,
    "val_ratio": 0.14,
    "test_ratio": 0.3,
    "detector_samples": 2000,
    "hist_bins": 20,
    "wla_temperature": 0.5,
    "ensemble_xgb_weight": 0.6,
    "xgb_estimators": 300,
    "xgb_depth": 6,
    "xgb_lr": 0.05,
    "strip_overlays": 8,
    "nc_steps": 200,
    "nc_lambda": 0.001,
    "nc_max_classes": 0,
    "abl_isolation_rate": 0.1,
    "abl_gamma": 0.2,
    "mitigation_lambda": 0.01,
    "mitigation_layers": [
      4,
      5,
      6,
      7
    ],
    "mitigation_epochs": 2,
    "asr_gate": "warn",
    "asr_gate_threshold": 80.0,
    "seed": 42,
    "seeds": [
      42,
      43,
      44
    ],
    "output_dir": "results",
    "figures_dir": "paper/figures",
    "device": "auto"
  },
  "feature_correlation": {
    "entropy": 0.4733428179378157,
    "variance": 0.49139042304905084,
    "concentration": 0.5602132570269512,
    "sparsity": 0.2934703052290251,
    "energy": 0.49139042302688524,
    "kl_div": 0.4733428186193023,
    "drift": 0.6301277046400794
  }
}