{
  "detectors": {
    "xu": {
      "method": "Xu et al. (final-layer hist)",
      "acc": 84.21666666666665,
      "acc_std": 22.038766349825988,
      "f1": 83.63929601876725,
      "f1_std": 22.85242505864946,
      "auc": 0.8490711596926547,
      "auc_std": 0.2134088382043976,
      "pre": 83.94761205294814,
      "pre_std": 22.20490577762471,
      "rec": 83.35021952043229,
      "rec_std": 23.474739780775593
    },
    "single_layer": {
      "method": "Single-layer (last)",
      "acc": 87.36666666666667,
      "acc_std": 17.513106203323524,
      "f1": 87.43940478702389,
      "f1_std": 17.406821019166028,
      "auc": 0.8938533945570134,
      "auc_std": 0.1500991175099073,
      "pre": 86.88409733856751,
      "pre_std": 17.83885695106008,
      "rec": 88.01080715974332,
      "rec_std": 16.95527911659739
    },
    "mlaf_bd": {
      "method": "MLAF-BD (full)",
      "acc": 87.96666666666665,
      "acc_std": 16.947041695299575,
      "f1": 90.23390171104347,
      "f1_std": 13.739841272703782,
      "auc": 0.9230780001820308,
      "auc_std": 0.10878413538743281,
      "pre": 86.27471489973209,
      "pre_std": 19.26766691474592,
      "rec": 96.1499493414387,
      "rec_std": 5.444793857160851
    },
    "no_drift": {
      "method": "w/o Attention Drift",
      "acc": 89.21666666666665,
      "acc_std": 15.10873551588249,
      "f1": 89.0250430734689,
      "f1_std": 15.37816024622748,
      "auc": 0.9151536609687038,
      "auc_std": 0.11999084337576493,
      "pre": 89.06109312373047,
      "pre_std": 15.185433128081623,
      "rec": 88.99020601148261,
      "rec_std": 15.570199977495067
    },
    "strip": {
      "method": "STRIP",
      "acc": 61.166666666666664,
      "acc_std": 16.71129026204207,
      "f1": 71.64532761492201,
      "f1_std": 7.8776200219486565,
      "auc": 0.6378519636485233,
      "auc_std": 0.17379769072907925,
      "pre": 64.17920117378824,
      "pre_std": 20.9721175002998,
      "rec": 91.32049983113814,
      "rec_std": 12.203094928614574
    },
    "neural_cleanse": {
      "method": "Neural Cleanse (per-sample)",
      "acc": 79.60000000000001,
      "acc_std": 21.390067788578886,
      "f1": 85.31166053579788,
      "f1_std": 13.594437286626784,
      "auc": 0.8108958747361639,
      "auc_std": 0.16457978144842889,
      "pre": 76.70371995955344,
      "pre_std": 19.34244870135074,
      "rec": 99.96622762580209,
      "rec_std": 0.04776134962421541
    },
    "abl": {
      "method": "ABL (per-sample)",
      "acc": 80.13333333333333,
      "acc_std": 21.767189886513957,
      "f1": 85.5360486481926,
      "f1_std": 13.753126337853532,
      "auc": 0.8110142280712106,
      "auc_std": 0.15218195764271955,
      "pre": 82.96917404129793,
      "pre_std": 23.77303225760962,
      "rec": 94.08983451536642,
      "rec_std": 4.179322778604858
    }
  },
  "ablation": {
    "A_last": {
      "acc": 87.36666666666667,
      "acc_std": 17.513106203323524,
      "f1": 87.43940478702389,
      "f1_std": 17.406821019166028,
      "auc": 0.8938533945570134,
      "auc_std": 0.1500991175099073
    },
    "B_first_last": {
      "acc": 87.36666666666667,
      "acc_std": 17.689466419941056,
      "f1": 86.98409895189643,
      "f1_std": 18.228188588562254,
      "auc": 0.8938173884719851,
      "auc_std": 0.15014013707067753
    },
    "C_concat_xgb": {
      "acc": 88.55,
      "acc_std": 16.157402844104205,
      "f1": 90.08413246387931,
      "f1_std": 13.987366751141018,
      "auc": 0.9160508125873273,
      "auc_std": 0.1187220793892025
    },
    "D_wla_xgb": {
      "acc": 84.96666666666665,
      "acc_std": 21.048370219304125,
      "f1": 84.1297241582076,
      "f1_std": 22.22947656425403,
      "auc": 0.8580853497574422,
      "auc_std": 0.2006841859226676
    },
    "E_full": {
      "acc": 87.96666666666665,
      "acc_std": 16.947041695299575,
      "f1": 90.23390171104347,
      "f1_std": 13.739841272703782,
      "auc": 0.9230780001820308,
      "auc_std": 0.10878413538743281
    },
    "F_no_drift": {
      "acc": 89.21666666666665,
      "acc_std": 15.10873551588249,
      "f1": 89.0250430734689,
      "f1_std": 15.37816024622748,
      "auc": 0.9151536609687038,
      "auc_std": 0.11999084337576493
    },
    "G_no_entropy": {
      "acc": 88.38333333333333,
      "acc_std": 16.357787815662064,
      "f1": 90.46003830952971,
      "f1_std": 13.420037308838838,
      "auc": 0.919060654583958,
      "auc_std": 0.11446552001696722
    },
    "H_no_kl": {
      "acc": 88.41666666666667,
      "acc_std": 16.31064751082011,
      "f1": 90.40104441706272,
      "f1_std": 13.5034668786299,
      "auc": 0.9203725429597602,
      "auc_std": 0.11261022968358812
    },
    "I_no_variance": {
      "acc": 87.89999999999999,
      "acc_std": 17.076640965560728,
      "f1": 90.22669657899087,
      "f1_std": 13.7857508694222,
      "auc": 0.9228402933429084,
      "auc_std": 0.10912030362318868
    }
  },
  "asr_pre": 66.7323602471721,
  "asr_pre_std": 47.04754732659154,
  "asr_post": 1.3159245344993944,
  "asr_post_std": 1.5869756195648628,
  "cda_pre": 99.4962962962963,
  "cda_pre_std": 0.07675696954096814,
  "cda_post": 99.28518518518518,
  "cda_post_std": 0.12606201796383268,
  "wla_weights": [
    0.04863552749156952,
    0.047559509674708046,
    0.05766107762853304,
    0.06688860555489858,
    0.06591720258196195,
    0.06701081867019336,
    0.09192489584287007,
    0.07225339983900388,
    0.1232873871922493,
    0.12360885242621104,
    0.12071385234594345,
    0.11453887075185776
  ],
  "nc": {
    "target_class": 0,
    "anomaly_index": 4.579690493207343,
    "flagged": true
  },
  "dataset": "mnist",
  "attack": "samplespecific",
  "backbone": "deit_small_patch16_224",
  "tag": "mnist_samplespecific_deit",
  "seeds": [
    42,
    43,
    44
  ],
  "config": {
    "dataset": "mnist",
    "attack": "samplespecific",
    "backbone": "deit_small_patch16_224",
    "tag": "mnist_samplespecific_deit",
    "img_size": 224,
    "num_layers": 12,
    "num_features": 7,
    "num_classes": 10,
    "data_root": "data",
    "tinyimagenet_root": "data/tiny-imagenet-200",
    "pretrained": true,
    "poison_rate": 0.1,
    "target_class": 0,
    "trigger_size": 22,
    "blend_alpha": 0.2,
    "ss_epsilon": 0.1,
    "epochs": 5,
    "lr": 0.0001,
    "weight_decay": 0.0001,
    "batch_size": 64,
    "num_workers": 8,
    "train_cap": 0,
    "save_checkpoints": true,
    "load_checkpoints": true,
    "checkpoint_dir": "checkpoints",
    "train_ratio": 0.56,
    "val_ratio": 0.14,
    "test_ratio": 0.3,
    "detector_samples": 2000,
    "hist_bins": 20,
    "wla_temperature": 0.5,
    "ensemble_xgb_weight": 0.6,
    "xgb_estimators": 300,
    "xgb_depth": 6,
    "xgb_lr": 0.05,
    "strip_overlays": 8,
    "nc_steps": 200,
    "nc_lambda": 0.001,
    "nc_max_classes": 0,
    "abl_isolation_rate": 0.1,
    "abl_gamma": 0.2,
    "mitigation_lambda": 0.01,
    "mitigation_layers": [
      4,
      5,
      6,
      7
    ],
    "mitigation_epochs": 2,
    "asr_gate": "warn",
    "asr_gate_threshold": 80.0,
    "seed": 42,
    "seeds": [
      42,
      43,
      44
    ],
    "output_dir": "results",
    "figures_dir": "paper/figures",
    "device": "auto"
  },
  "feature_correlation": {
    "entropy": 0.5706910320464962,
    "variance": 0.47017394425828635,
    "concentration": 0.360182945833939,
    "sparsity": 0.539537729342802,
    "energy": 0.4701739423648111,
    "kl_div": 0.5706910263703118,
    "drift": 0.2997545323921074
  }
}